Date,Open,High,Low,Close,Volume
2023-01-02 00:00,1826.837,1843.055,1823.287,1840.188,0
2023-01-03 00:00,1840.268,1849.865,1827.525,1846.457,0
2023-01-04 00:00,1846.448,1865.035,1844.605,1851.898,0
2023-01-05 00:00,1851.838,1855.595,1824.995,1837.925,0
2023-01-06 00:00,1837.908,1869.765,1833.165,1865.598,0
2023-01-08 00:00,1867.537,1879.365,1864.477,1876.835,0
2023-01-09 00:00,1876.828,1881.445,1867.745,1871.245,0
2023-01-10 00:00,1871.195,1880.635,1870.268,1877.785,0
2023-01-11 00:00,1877.748,1886.548,1867.015,1884.248,0
2023-01-12 00:00,1884.255,1901.475,1872.76,1895.795,0
2023-01-13 00:00,1895.807,1921.798,1892.205,1919.398,0
2023-01-15 00:00,1920.337,1928.885,1916.695,1922.175,0
2023-01-16 00:00,1922.185,1922.238,1907.987,1911.235,0
2023-01-17 00:00,1911.245,1916.545,1897.228,1899.475,0
2023-01-18 00:00,1899.455,1925.798,1896.495,1909.655,0
2023-01-19 00:00,1909.668,1935.045,1906.305,1923.638,0
2023-01-20 00:00,1923.638,1937.435,1920.508,1925.298,0
2023-01-22 00:00,1926.128,1935.445,1923.608,1929.405,0
2023-01-23 00:00,1929.395,1936.985,1911.248,1932.618,0
2023-01-24 00:00,1932.728,1942.348,1917.065,1928.357,0
2023-01-25 00:00,1928.355,1949.085,1919.697,1946.585,0
2023-01-26 00:00,1946.575,1948.875,1918.627,1921.535,0
2023-01-27 00:00,1921.515,1934.918,1916.525,1927.598,0
2023-01-29 00:00,1927.108,1934.425,1924.227,1933.248,0
2023-01-30 00:00,1933.237,1933.625,1918.748,1920.095,0
2023-01-31 00:00,1920.095,1930.998,1900.665,1925.588,0
2023-02-01 00:00,1925.547,1957.138,1920.435,1953.288,0
2023-02-02 00:00,1953.288,1959.625,1911.225,1915.935,0
2023-02-03 00:00,1915.955,1918.145,1861.255,1864.548,0
2023-02-05 00:00,1864.508,1878.505,1859.647,1878.275,0
2023-02-06 00:00,1878.277,1881.198,1862.935,1873.025,0
2023-02-07 00:00,1873.005,1884.348,1864.898,1876.905,0
2023-02-08 00:00,1876.895,1886.345,1868.898,1879.375,0
2023-02-09 00:00,1879.345,1890.098,1853.688,1853.825,0
2023-02-10 00:00,1853.825,1872.035,1852.588,1864.698,0
2023-02-12 00:00,1863.917,1865.178,1857.635,1857.675,0
2023-02-13 00:00,1857.685,1866.395,1850.325,1858.058,0
2023-02-14 00:00,1858.058,1870.467,1843.165,1847.715,0
2023-02-15 00:00,1847.695,1847.715,1830.475,1839.248,0
2023-02-16 00:00,1839.265,1845.158,1823.715,1826.665,0
2023-02-17 00:00,1826.665,1843.505,1818.805,1841.898,0
2023-02-19 00:00,1840.407,1844.708,1837.145,1842.505,0
2023-02-20 00:00,1842.585,1847.405,1837.015,1839.025,0
2023-02-21 00:00,1839.025,1843.738,1830.095,1836.425,0
2023-02-22 00:00,1836.435,1845.905,1823.045,1829.785,0
2023-02-23 00:00,1829.765,1833.685,1817.395,1825.425,0
2023-02-24 00:00,1825.455,1826.235,1808.875,1810.665,0
2023-02-26 00:00,1811.615,1814.045,1806.538,1809.145,0
2023-02-27 00:00,1809.135,1820.055,1807.065,1814.385,0
2023-02-28 00:00,1814.368,1831.585,1804.594,1829.995,0
2023-03-01 00:00,1830.005,1844.405,1829.785,1834.305,0
2023-03-02 00:00,1834.315,1841.435,1829.854,1838.345,0
2023-03-03 00:00,1838.345,1856.208,1837.765,1855.065,0
2023-03-05 00:00,1852.255,1856.375,1850.668,1853.895,0
2023-03-06 00:00,1853.905,1858.168,1844.045,1847.218,0
2023-03-07 00:00,1847.175,1851.555,1809.248,1811.445,0
2023-03-08 00:00,1811.425,1824.185,1810.375,1814.205,0
2023-03-09 00:00,1814.235,1835.565,1812.635,1829.695,0
2023-03-10 00:00,1829.675,1869.948,1828.435,1869.698,0
2023-03-12 00:00,1872.398,1894.184,1872.058,1881.418,0
2023-03-13 00:00,1881.315,1913.984,1871.328,1904.105,0
2023-03-14 00:00,1904.105,1913.445,1895.228,1901.715,0
2023-03-15 00:00,1901.745,1937.295,1885.565,1913.158,0
2023-03-16 00:00,1913.044,1932.255,1912.118,1930.835,0
2023-03-17 00:00,1930.855,1987.665,1927.195,1983.485,0
2023-03-19 00:00,1984.148,1990.548,1968.015,1974.755,0
2023-03-20 00:00,1974.745,2009.695,1967.115,1981.248,0
2023-03-21 00:00,1981.228,1983.145,1935.935,1939.215,0
2023-03-22 00:00,1939.215,1978.705,1934.175,1977.628,0
2023-03-23 00:00,1977.624,2003.185,1971.235,1993.148,0
2023-03-24 00:00,1993.095,2002.848,1975.535,1975.905,0
2023-03-26 00:00,1979.798,1979.798,1969.104,1974.555,0
2023-03-27 00:00,1974.535,1975.435,1943.895,1959.565,0
2023-03-28 00:00,1959.545,1974.998,1949.028,1966.375,0
2023-03-29 00:00,1966.405,1969.298,1955.204,1959.425,0
2023-03-30 00:00,1959.438,1983.545,1958.838,1981.038,0
2023-03-31 00:00,1981.078,1987.485,1968.195,1968.748,0
2023-04-02 00:00,1972.298,1972.298,1949.595,1951.735,0
2023-04-03 00:00,1951.715,1990.365,1950.425,1978.045,0
2023-04-04 00:00,1978.045,2025.235,1976.825,2022.975,0
2023-04-05 00:00,2022.935,2031.915,2007.915,2011.265,0
2023-04-06 00:00,2011.295,2020.804,2001.0,2006.476,0
2023-04-09 00:00,2005.384,2005.885,1988.808,1990.845,0
2023-04-10 00:00,1990.845,2002.875,1986.114,1997.478,0
2023-04-11 00:00,1997.478,2019.315,1997.225,2017.074,0
2023-04-12 00:00,2017.064,2028.235,2003.015,2017.385,0
2023-04-13 00:00,2017.405,2048.538,2015.158,2044.985,0
2023-04-14 00:00,2044.975,2046.365,1992.285,2003.498,0
2023-04-16 00:00,2001.048,2006.198,1995.295,2004.475,0
2023-04-17 00:00,2004.465,2014.885,1980.974,2000.125,0
2023-04-18 00:00,2000.155,2011.748,1991.195,2003.365,0
2023-04-19 00:00,2003.385,2004.365,1971.205,1992.665,0
2023-04-20 00:00,1992.705,2008.225,1991.275,2002.065,0
2023-04-21 00:00,2002.075,2002.265,1971.515,1979.085,0
2023-04-23 00:00,1983.824,1985.298,1978.325,1980.725,0
2023-04-24 00:00,1980.745,2000.865,1976.355,1992.775,0
2023-04-25 00:00,1992.765,2002.365,1976.565,1993.995,0
2023-04-26 00:00,1994.015,2009.204,1985.345,1999.655,0
2023-04-27 00:00,1999.695,2003.085,1973.865,1988.665,0
2023-04-28 00:00,1988.658,1993.985,1975.905,1989.045,0
2023-04-30 00:00,1988.934,1989.064,1980.515,1983.225,0
2023-05-01 00:00,1983.235,2005.198,1976.925,1982.025,0
2023-05-02 00:00,1981.945,2019.248,1978.324,2018.455,0
2023-05-03 00:00,2018.445,2079.778,2007.414,2040.885,0
2023-05-04 00:00,2040.885,2059.525,2030.214,2049.685,0
2023-05-05 00:00,2049.745,2051.015,2000.865,2017.624,0
2023-05-07 00:00,2015.964,2023.924,2015.064,2023.144,0
2023-05-08 00:00,2023.174,2029.224,2017.804,2024.865,0
2023-05-09 00:00,2024.895,2038.144,2021.344,2031.615,0
2023-05-10 00:00,2031.615,2048.114,2021.434,2032.294,0
2023-05-11 00:00,2032.324,2041.214,2008.654,2011.574,0
2023-05-12 00:00,2011.574,2021.384,2000.825,2009.798,0
2023-05-14 00:00,2010.904,2018.744,2008.595,2013.914,0
2023-05-15 00:00,2013.914,2022.114,2011.824,2016.854,0
2023-05-16 00:00,2016.854,2017.625,1985.405,1991.288,0
2023-05-17 00:00,1991.288,1992.054,1979.494,1982.234,0
2023-05-18 00:00,1982.234,1982.684,1953.905,1963.185,0
2023-05-19 00:00,1963.215,1984.075,1957.695,1976.065,0
2023-05-21 00:00,1976.478,1982.225,1976.195,1977.705,0
2023-05-22 00:00,1977.715,1982.505,1960.165,1962.595,0
2023-05-23 00:00,1962.575,1977.554,1954.084,1976.435,0
2023-05-24 00:00,1976.445,1981.945,1954.905,1957.125,0
2023-05-25 00:00,1957.175,1964.625,1936.655,1948.385,0
2023-05-26 00:00,1948.395,1957.215,1938.685,1946.105,0
2023-05-28 00:00,1943.844,1946.135,1940.145,1945.525,0
2023-05-29 00:00,1945.525,1949.495,1939.235,1939.304,0
2023-05-30 00:00,1939.284,1962.185,1931.905,1957.965,0
2023-05-31 00:00,1957.955,1974.628,1954.825,1964.165,0
2023-06-01 00:00,1964.165,1983.315,1953.255,1982.375,0
2023-06-02 00:00,1982.395,1982.735,1947.988,1948.585,0
2023-06-04 00:00,1947.045,1949.995,1943.915,1947.035,0
2023-06-05 00:00,1946.975,1964.495,1938.045,1959.155,0
2023-06-06 00:00,1959.244,1966.688,1954.255,1963.315,0
2023-06-07 00:00,1963.325,1969.575,1939.544,1946.275,0
2023-06-08 00:00,1946.275,1970.398,1942.725,1963.745,0
2023-06-09 00:00,1963.725,1966.845,1956.475,1960.798,0
2023-06-11 00:00,1958.774,1960.505,1954.185,1958.378,0
2023-06-12 00:00,1958.378,1966.865,1949.315,1961.945,0
2023-06-13 00:00,1961.965,1966.098,1939.935,1949.185,0
2023-06-14 00:00,1949.165,1960.205,1932.305,1934.785,0
2023-06-15 00:00,1934.805,1961.935,1924.898,1956.575,0
2023-06-16 00:00,1956.595,1967.825,1953.165,1957.358,0
2023-06-18 00:00,1957.894,1958.548,1953.844,1955.655,0
2023-06-19 00:00,1955.645,1958.685,1945.005,1950.195,0
2023-06-20 00:00,1950.195,1956.675,1930.915,1936.888,0
2023-06-21 00:00,1936.894,1937.505,1924.145,1932.555,0
2023-06-22 00:00,1932.555,1933.005,1910.065,1912.345,0
2023-06-23 00:00,1912.365,1932.954,1911.945,1920.388,0
2023-06-25 00:00,1925.275,1928.485,1924.018,1925.405,0
2023-06-26 00:00,1925.425,1933.245,1921.615,1928.365,0
2023-06-27 00:00,1928.395,1930.355,1911.385,1915.028,0
2023-06-28 00:00,1915.038,1916.645,1902.648,1905.355,0
2023-06-29 00:00,1905.345,1912.995,1895.435,1908.225,0
2023-06-30 00:00,1908.245,1920.495,1900.465,1919.538,0
2023-07-02 00:00,1919.174,1919.184,1914.488,1918.194,0
2023-07-03 00:00,1918.194,1930.174,1909.965,1922.945,0
2023-07-04 00:00,1922.955,1930.555,1922.675,1924.285,0
2023-07-05 00:00,1924.265,1934.905,1915.085,1918.098,0
2023-07-06 00:00,1917.884,1927.505,1902.505,1911.085,0
2023-07-07 00:00,1911.095,1933.995,1910.215,1923.838,0
2023-07-09 00:00,1924.825,1926.835,1922.435,1923.815,0
2023-07-10 00:00,1923.795,1928.905,1913.875,1926.615,0
2023-07-11 00:00,1926.585,1940.855,1926.345,1938.385,0
2023-07-12 00:00,1938.415,1961.635,1933.485,1960.205,0
2023-07-13 00:00,1960.215,1963.585,1954.625,1962.445,0
2023-07-14 00:00,1962.425,1962.584,1950.875,1954.748,0
2023-07-16 00:00,1952.934,1955.865,1950.835,1952.025,0
2023-07-17 00:00,1952.025,1960.505,1945.638,1959.695,0
2023-07-18 00:00,1959.705,1983.588,1957.705,1975.425,0
2023-07-19 00:00,1975.435,1987.385,1971.535,1985.055,0
2023-07-20 00:00,1985.055,1985.328,1965.198,1970.045,0
2023-07-21 00:00,1970.025,1972.165,1957.945,1961.428,0
2023-07-23 00:00,1961.498,1962.805,1959.015,1960.015,0
2023-07-24 00:00,1959.995,1967.585,1953.805,1961.565,0
2023-07-25 00:00,1961.555,1966.125,1951.898,1963.815,0
2023-07-26 00:00,1963.835,1982.085,1962.295,1977.865,0
2023-07-27 00:00,1977.905,1982.075,1943.185,1954.125,0
2023-07-28 00:00,1954.135,1962.295,1947.715,1958.465,0
2023-07-30 00:00,1958.608,1960.455,1953.608,1954.515,0
2023-07-31 00:00,1954.525,1972.295,1950.655,1962.055,0
2023-08-01 00:00,1962.035,1962.215,1941.118,1949.215,0
2023-08-02 00:00,1949.205,1954.675,1932.885,1937.215,0
2023-08-03 00:00,1937.115,1938.655,1929.425,1935.105,0
2023-08-04 00:00,1935.125,1946.798,1924.898,1942.568,0
2023-08-06 00:00,1942.098,1946.605,1938.104,1939.255,0
2023-08-07 00:00,1939.225,1941.605,1931.075,1933.015,0
2023-08-08 00:00,1933.005,1935.575,1922.655,1930.005,0
2023-08-09 00:00,1930.035,1932.255,1913.505,1918.595,0
2023-08-10 00:00,1918.595,1929.995,1910.694,1914.555,0
2023-08-11 00:00,1914.555,1920.815,1912.095,1913.378,0
2023-08-13 00:00,1912.255,1915.105,1909.944,1912.665,0
2023-08-14 00:00,1912.645,1916.135,1902.595,1907.085,0
2023-08-15 00:00,1907.055,1911.525,1896.215,1903.995,0
2023-08-16 00:00,1903.985,1907.095,1889.545,1892.665,0
2023-08-17 00:00,1892.625,1903.375,1884.925,1892.615,0
2023-08-18 00:00,1892.655,1896.678,1886.675,1889.258,0
2023-08-20 00:00,1889.335,1893.605,1884.755,1891.505,0
2023-08-21 00:00,1891.565,1898.665,1885.155,1896.025,0
2023-08-22 00:00,1896.025,1904.405,1889.018,1901.505,0
2023-08-23 00:00,1901.515,1921.535,1900.635,1920.778,0
2023-08-24 00:00,1920.745,1923.225,1911.655,1913.355,0
2023-08-25 00:00,1913.375,1922.265,1903.705,1914.778,0
2023-08-27 00:00,1915.548,1917.385,1914.165,1916.235,0
2023-08-28 00:00,1916.235,1925.955,1912.675,1925.335,0
2023-08-29 00:00,1925.335,1938.095,1914.355,1936.705,0
2023-08-30 00:00,1936.715,1948.965,1934.838,1945.075,0
2023-08-31 00:00,1945.055,1947.825,1938.625,1938.825,0
2023-09-01 00:00,1938.815,1952.905,1934.355,1939.238,0
2023-09-03 00:00,1939.948,1946.025,1939.274,1944.855,0
2023-09-04 00:00,1944.865,1946.185,1934.845,1936.905,0
2023-09-05 00:00,1936.915,1938.905,1924.098,1926.465,0
2023-09-06 00:00,1926.485,1929.055,1915.175,1920.065,0
2023-09-07 00:00,1920.045,1927.135,1916.095,1924.885,0
2023-09-08 00:00,1924.905,1929.595,1917.225,1918.258,0
2023-09-10 00:00,1919.865,1924.055,1916.584,1923.255,0
2023-09-11 00:00,1923.235,1930.558,1920.245,1923.645,0
2023-09-12 00:00,1923.595,1924.395,1907.478,1909.548,0
2023-09-13 00:00,1909.535,1915.655,1905.555,1909.635,0
2023-09-14 00:00,1909.645,1915.915,1900.898,1915.565,0
2023-09-15 00:00,1915.565,1930.308,1914.845,1922.738,0
2023-09-17 00:00,1923.408,1929.385,1922.378,1928.698,0
2023-09-18 00:00,1928.698,1934.505,1922.678,1932.138,0
2023-09-19 00:00,1932.138,1937.275,1928.395,1930.515,0
2023-09-20 00:00,1930.535,1947.315,1924.085,1928.188,0
2023-09-21 00:00,1928.165,1930.425,1913.808,1923.755,0
2023-09-22 00:00,1923.755,1929.015,1923.325,1924.818,0
2023-09-24 00:00,1924.335,1926.324,1922.565,1923.575,0
2023-09-25 00:00,1923.555,1927.115,1912.935,1913.565,0
2023-09-26 00:00,1913.505,1915.565,1899.005,1899.825,0
2023-09-27 00:00,1899.795,1899.795,1872.445,1874.585,0
2023-09-28 00:00,1874.585,1879.485,1857.565,1863.225,0
2023-09-29 00:00,1863.175,1879.765,1846.205,1848.098,0
2023-10-01 00:00,1847.268,1848.835,1842.785,1843.375,0
2023-10-02 00:00,1843.365,1846.175,1815.245,1820.378,0
2023-10-03 00:00,1820.448,1833.205,1818.115,1820.645,0
2023-10-04 00:00,1820.655,1830.455,1816.475,1828.265,0
2023-10-05 00:00,1828.265,1829.105,1812.924,1823.925,0
2023-10-06 00:00,1823.915,1834.725,1810.288,1832.698,0
2023-10-08 00:00,1847.405,1855.435,1845.235,1851.005,0
2023-10-09 00:00,1851.045,1865.315,1844.135,1862.385,0
2023-10-10 00:00,1862.385,1862.665,1852.888,1860.005,0
2023-10-11 00:00,1860.005,1878.675,1858.535,1877.565,0
2023-10-12 00:00,1877.585,1884.885,1867.825,1873.565,0
2023-10-13 00:00,1873.555,1932.875,1873.475,1932.738,0
2023-10-15 00:00,1927.998,1929.355,1917.955,1919.975,0
2023-10-16 00:00,1919.985,1924.428,1908.085,1916.775,0
2023-10-17 00:00,1916.775,1942.645,1914.145,1937.395,0
2023-10-18 00:00,1937.365,1962.545,1934.958,1946.275,0
2023-10-19 00:00,1946.265,1982.205,1945.205,1977.725,0
2023-10-20 00:00,1977.705,1997.135,1973.185,1980.648,0
2023-10-22 00:00,1967.114,1978.535,1964.275,1973.558,0
2023-10-23 00:00,1973.558,1982.725,1970.025,1976.835,0
2023-10-24 00:00,1976.805,1979.105,1953.404,1973.155,0
2023-10-25 00:00,1973.135,1987.235,1962.854,1987.105,0
2023-10-26 00:00,1987.135,1993.385,1971.655,1987.785,0
2023-10-27 00:00,1987.895,2009.395,1976.755,2005.648,0
2023-10-29 00:00,2004.135,2006.685,1996.814,2001.425,0
2023-10-30 00:00,2001.385,2002.585,1990.475,1992.665,0
2023-10-31 00:00,1992.685,2007.734,1975.058,1977.555,0
2023-11-01 00:00,1977.545,1991.898,1969.815,1985.915,0
2023-11-02 00:00,1985.925,1990.935,1978.775,1985.705,0
2023-11-03 00:00,1985.715,2003.968,1984.384,1992.058,0
2023-11-05 00:00,1991.698,1992.955,1981.845,1983.635,0
2023-11-06 00:00,1983.645,1988.995,1970.858,1971.335,0
2023-11-07 00:00,1971.355,1974.185,1956.598,1967.535,0
2023-11-08 00:00,1967.545,1969.055,1947.325,1949.415,0
2023-11-09 00:00,1949.405,1965.498,1944.575,1957.675,0
2023-11-10 00:00,1957.705,1958.145,1932.865,1938.148,0
2023-11-12 00:00,1938.165,1941.748,1933.845,1935.675,0
2023-11-13 00:00,1935.675,1949.115,1931.515,1944.675,0
2023-11-14 00:00,1944.645,1970.835,1937.978,1967.435,0
2023-11-15 00:00,1967.445,1975.148,1955.325,1962.505,0
2023-11-16 00:00,1962.475,1987.848,1961.978,1986.005,0
2023-11-17 00:00,1985.995,1993.335,1978.478,1980.398,0
2023-11-19 00:00,1977.698,1985.085,1973.265,1981.345,0
2023-11-20 00:00,1981.325,1994.195,1965.355,1992.075,0
2023-11-21 00:00,1992.045,2007.475,1984.158,1999.148,0
2023-11-22 00:00,1999.145,2006.318,1986.805,1995.115,0
2023-11-23 00:00,1995.105,1998.408,1989.715,1993.615,0
2023-11-24 00:00,1993.608,2003.515,1991.944,2000.505,0
2023-11-26 00:00,2000.995,2018.085,2000.398,2012.828,0
2023-11-27 00:00,2012.834,2017.975,2005.608,2015.075,0
2023-11-28 00:00,2015.135,2051.865,2011.478,2046.115,0
2023-11-29 00:00,2046.125,2049.438,2035.205,2044.495,0
2023-11-30 00:00,2044.575,2046.845,2031.258,2040.115,0
2023-12-01 00:00,2040.125,2075.265,2033.805,2071.668,0
2023-12-03 00:00,2072.525,2145.135,2071.604,2085.385,0
2023-12-04 00:00,2085.405,2090.385,2019.925,2032.205,0
2023-12-05 00:00,2032.275,2039.495,2009.855,2021.925,0
2023-12-06 00:00,2021.915,2035.785,2020.075,2025.995,0
2023-12-07 00:00,2025.985,2039.778,2020.075,2031.425,0
2023-12-08 00:00,2031.465,2032.295,1994.555,2004.418,0
2023-12-10 00:00,2002.794,2007.705,1994.765,1996.595,0
2023-12-11 00:00,1996.575,2000.515,1975.725,1985.585,0
2023-12-12 00:00,1985.665,1996.625,1977.115,1978.205,0
2023-12-13 00:00,1978.215,2039.175,1972.935,2031.135,0
2023-12-14 00:00,2031.095,2047.775,2027.445,2036.585,0
2023-12-15 00:00,2036.605,2044.815,2015.515,2019.485,0
2023-12-17 00:00,2018.898,2024.055,2015.885,2023.075,0
2023-12-18 00:00,2023.095,2033.615,2018.658,2024.058,0
2023-12-19 00:00,2024.028,2046.905,2022.355,2040.425,0
2023-12-20 00:00,2040.448,2043.375,2027.258,2036.225,0
2023-12-21 00:00,2036.245,2054.875,2032.028,2049.498,0
2023-12-22 00:00,2049.555,2070.525,2047.015,2052.908,0
2023-12-25 00:00,2053.025,2065.025,2052.895,2063.918,0
2023-12-26 00:00,2063.928,2068.948,2054.465,2065.755,0
2023-12-27 00:00,2065.745,2088.355,2061.385,2086.465,0
2023-12-28 00:00,2086.445,2087.455,2064.448,2069.865,0
2023-12-29 00:00,2069.855,2074.645,2058.105,2062.728,0
2024-01-01 00:00,2062.598,2070.578,2062.275,2069.505,0
2024-01-02 00:00,2069.525,2078.825,2055.818,2064.775,0
2024-01-03 00:00,2064.755,2065.835,2030.515,2043.015,0
2024-01-04 00:00,2043.005,2050.855,2036.155,2044.555,0
2024-01-05 00:00,2044.515,2063.838,2024.255,2045.355,0
2024-01-07 00:00,2044.385,2046.525,2034.975,2035.715,0
2024-01-08 00:00,2035.665,2036.778,2016.604,2032.795,0
2024-01-09 00:00,2032.815,2041.898,2026.015,2029.725,0
2024-01-10 00:00,2029.785,2040.135,2020.395,2031.995,0
2024-01-11 00:00,2032.095,2043.864,2013.225,2034.578,0
2024-01-12 00:00,2034.578,2062.145,2033.575,2043.815,0
2024-01-14 00:00,2048.498,2057.985,2045.675,2054.235,0
2024-01-15 00:00,2054.215,2058.505,2048.265,2049.325,0
2024-01-16 00:00,2049.345,2050.825,2023.185,2025.355,0
2024-01-17 00:00,2025.335,2028.898,2001.755,2008.035,0
2024-01-18 00:00,2008.045,2025.475,2005.705,2020.995,0
2024-01-19 00:00,2020.975,2039.278,2020.325,2029.375,0
2024-01-21 00:00,2029.715,2032.005,2024.565,2025.405,0
2024-01-22 00:00,2025.335,2030.028,2016.448,2027.508,0
2024-01-23 00:00,2027.494,2037.808,2021.325,2024.405,0
2024-01-24 00:00,2024.395,2036.575,2011.105,2015.665,0
2024-01-25 00:00,2015.665,2025.175,2009.455,2021.115,0
2024-01-26 00:00,2021.075,2026.715,2015.845,2017.915,0
2024-01-28 00:00,2024.215,2028.384,2019.195,2026.185,0
2024-01-29 00:00,2026.205,2037.465,2020.485,2031.705,0
2024-01-30 00:00,2031.595,2048.448,2028.935,2034.475,0
2024-01-31 00:00,2034.465,2055.878,2031.0,2045.634,0
2024-02-01 00:00,2045.605,2065.348,2029.905,2054.965,0
2024-02-02 00:00,2054.945,2057.545,2027.635,2039.275,0
2024-02-04 00:00,2040.054,2042.034,2030.108,2031.825,0
2024-02-05 00:00,2031.785,2031.965,2014.835,2026.245,0
2024-02-06 00:00,2026.285,2038.785,2022.795,2035.145,0
2024-02-07 00:00,2035.125,2044.465,2030.505,2032.125,0
2024-02-08 00:00,2032.045,2038.355,2020.095,2032.655,0
2024-02-09 00:00,2032.615,2037.058,2020.195,2024.155,0
2024-02-11 00:00,2023.495,2026.708,2021.755,2023.075,0
2024-02-12 00:00,2023.105,2027.505,2011.795,2018.895,0
2024-02-13 00:00,2018.905,2032.845,1988.735,1992.285,0
2024-02-14 00:00,1992.265,1996.025,1984.088,1991.945,0
2024-02-15 00:00,1991.925,2008.175,1991.495,2003.555,0
2024-02-16 00:00,2003.535,2015.095,1994.985,2013.055,0
2024-02-18 00:00,2014.595,2022.785,2009.935,2018.985,0
2024-02-19 00:00,2018.985,2022.895,2013.185,2019.405,0
2024-02-20 00:00,2019.465,2031.195,2017.635,2030.765,0
2024-02-21 00:00,2030.825,2032.195,2019.915,2028.745,0
2024-02-22 00:00,2028.815,2034.708,2019.555,2025.995,0
2024-02-23 00:00,2026.035,2041.285,2015.955,2035.215,0
2024-02-25 00:00,2034.295,2034.865,2029.775,2032.155,0
2024-02-26 00:00,2032.095,2036.965,2024.975,2033.675,0
2024-02-27 00:00,2033.685,2039.375,2028.725,2030.118,0
2024-02-28 00:00,2030.064,2037.805,2024.355,2035.048,0
2024-02-29 00:00,2035.085,2050.605,2028.015,2045.425,0
2024-03-01 00:00,2045.505,2088.215,2038.915,2082.395,0
2024-03-03 00:00,2081.835,2086.145,2079.308,2080.715,0
2024-03-04 00:00,2080.635,2119.805,2080.395,2115.815,0
2024-03-05 00:00,2115.765,2141.748,2113.845,2126.115,0
2024-03-06 00:00,2126.085,2161.435,2124.255,2158.115,0
2024-03-07 00:00,2158.125,2164.635,2147.825,2157.625,0
2024-03-08 00:00,2157.665,2195.085,2155.778,2178.965,0
2024-03-10 00:00,2179.015,2188.925,2176.755,2180.585,0
2024-03-11 00:00,2180.615,2185.595,2174.695,2178.085,0
2024-03-12 00:00,2178.095,2181.868,2150.455,2159.255,0
2024-03-13 00:00,2159.215,2179.745,2157.395,2171.635,0
2024-03-14 00:00,2171.595,2171.935,2152.665,2164.365,0
2024-03-15 00:00,2164.435,2172.615,2155.115,2155.625,0
2024-03-17 00:00,2155.395,2157.435,2145.985,2147.255,0
2024-03-18 00:00,2147.195,2163.455,2145.985,2160.165,0
2024-03-19 00:00,2160.165,2160.375,2147.045,2156.785,0
2024-03-20 00:00,2156.795,2222.875,2149.475,2203.185,0
2024-03-21 00:00,2203.205,2211.685,2166.264,2173.505,0
2024-03-22 00:00,2173.505,2180.035,2157.035,2165.055,0
2024-03-24 00:00,2165.475,2178.245,2163.885,2169.345,0
2024-03-25 00:00,2169.375,2181.205,2163.455,2172.215,0
2024-03-26 00:00,2172.185,2199.995,2169.525,2178.285,0
2024-03-27 00:00,2178.265,2197.505,2175.625,2195.565,0
2024-03-28 00:00,2195.555,2236.015,2190.725,2232.698,0
2024-03-31 00:00,2238.435,2265.035,2234.845,2264.325,0
2024-04-01 00:00,2264.345,2265.585,2228.395,2251.485,0
2024-04-02 00:00,2251.585,2288.185,2250.295,2284.985,0
2024-04-03 00:00,2285.025,2304.795,2265.405,2299.015,0
2024-04-04 00:00,2299.078,2305.425,2267.605,2276.595,0
2024-04-05 00:00,2276.655,2330.345,2276.455,2328.195,0
2024-04-07 00:00,2323.125,2353.835,2302.755,2345.425,0
2024-04-08 00:00,2345.435,2348.345,2318.575,2343.855,0
2024-04-09 00:00,2343.855,2365.185,2338.125,2351.225,0
2024-04-10 00:00,2351.205,2360.065,2319.265,2343.825,0
2024-04-11 00:00,2343.835,2395.265,2325.655,2384.105,0
2024-04-12 00:00,2384.095,2431.385,2333.755,2343.285,0
2024-04-14 00:00,2352.098,2372.435,2346.735,2358.475,0
2024-04-15 00:00,2358.385,2392.035,2323.858,2387.818,0
2024-04-16 00:00,2387.825,2398.128,2362.844,2381.605,0
2024-04-17 00:00,2381.588,2395.448,2354.435,2374.735,0
2024-04-18 00:00,2374.655,2417.745,2369.468,2391.235,0
2024-04-19 00:00,2391.235,2401.845,2372.805,2390.295,0
2024-04-21 00:00,2387.635,2388.425,2361.664,2369.285,0
2024-04-22 00:00,2369.345,2372.805,2295.408,2302.465,0
2024-04-23 00:00,2302.485,2332.045,2291.265,2327.815,0
2024-04-24 00:00,2327.815,2337.128,2304.898,2313.075,0
2024-04-25 00:00,2313.084,2344.708,2312.275,2334.565,0
2024-04-26 00:00,2334.575,2352.418,2328.605,2337.245,0
2024-04-28 00:00,2336.065,2337.095,2319.728,2328.338,0
2024-04-29 00:00,2328.338,2346.585,2325.455,2329.054,0
2024-04-30 00:00,2329.045,2329.385,2282.745,2284.075,0
2024-05-01 00:00,2284.025,2328.225,2281.515,2319.395,0
2024-05-02 00:00,2319.475,2320.875,2285.358,2302.345,0
2024-05-03 00:00,2302.365,2320.548,2277.165,2301.175,0
2024-05-05 00:00,2304.655,2315.215,2291.645,2309.215,0
2024-05-06 00:00,2309.215,2331.988,2308.015,2324.775,0
2024-05-07 00:00,2324.795,2324.925,2306.875,2316.925,0
2024-05-08 00:00,2316.975,2321.345,2303.555,2312.235,0
2024-05-09 00:00,2312.065,2355.674,2306.615,2353.255,0
2024-05-10 00:00,2353.285,2378.365,2351.115,2360.175,0
2024-05-12 00:00,2362.895,2364.355,2354.715,2356.958,0
2024-05-13 00:00,2356.925,2356.925,2331.985,2343.008,0
2024-05-14 00:00,2342.975,2360.895,2335.985,2360.238,0
2024-05-15 00:00,2360.238,2397.275,2351.735,2388.595,0
2024-05-16 00:00,2388.595,2394.388,2370.845,2377.755,0
2024-05-17 00:00,2377.765,2422.575,2376.515,2414.525,0
2024-05-19 00:00,2417.098,2440.465,2416.415,2437.518,0
2024-05-20 00:00,2437.488,2449.985,2406.158,2413.665,0
2024-05-21 00:00,2413.645,2433.838,2408.484,2413.904,0
2024-05-22 00:00,2413.914,2419.195,2366.628,2372.365,0
2024-05-23 00:00,2372.315,2373.808,2325.265,2330.495,0
2024-05-24 00:00,2330.495,2347.325,2330.355,2333.405,0
2024-05-26 00:00,2336.365,2347.485,2332.125,2345.905,0
2024-05-27 00:00,2345.885,2358.388,2337.975,2350.788,0
2024-05-28 00:00,2350.745,2363.975,2340.155,2358.045,0
2024-05-29 00:00,2358.075,2361.275,2327.885,2334.268,0
2024-05-30 00:00,2334.255,2351.698,2322.458,2343.595,0
2024-05-31 00:00,2343.595,2359.598,2320.395,2326.995,0
2024-06-02 00:00,2327.425,2331.005,2320.785,2321.285,0
2024-06-03 00:00,2321.335,2354.565,2314.635,2345.578,0
2024-06-04 00:00,2345.578,2351.675,2315.508,2337.048,0
2024-06-05 00:00,2337.048,2374.805,2327.945,2368.328,0
2024-06-06 00:00,2368.328,2381.845,2353.305,2380.085,0
2024-06-07 00:00,2380.025,2387.595,2286.628,2293.415,0
2024-06-09 00:00,2294.415,2301.128,2288.755,2295.178,0
2024-06-10 00:00,2295.178,2313.655,2287.665,2303.528,0
2024-06-11 00:00,2303.515,2319.865,2297.595,2313.915,0
2024-06-12 00:00,2313.915,2341.495,2307.985,2314.138,0
2024-06-13 00:00,2314.085,2326.495,2295.395,2305.358,0
2024-06-14 00:00,2305.338,2336.575,2303.385,2332.184,0
2024-06-16 00:00,2331.098,2332.488,2321.375,2324.268,0
2024-06-17 00:00,2324.255,2327.495,2309.895,2324.348,0
2024-06-18 00:00,2324.338,2333.008,2306.465,2328.145,0
2024-06-19 00:00,2328.145,2338.878,2323.984,2333.805,0
2024-06-20 00:00,2333.825,2365.375,2331.475,2362.018,0
2024-06-21 00:00,2362.035,2368.558,2316.588,2321.755,0
2024-06-23 00:00,2322.775,2326.578,2317.575,2325.335,0
2024-06-24 00:00,2325.365,2334.595,2320.625,2323.985,0
2024-06-25 00:00,2323.985,2337.018,2310.455,2317.125,0
2024-06-26 00:00,2317.115,2318.285,2293.464,2298.858,0
2024-06-27 00:00,2298.835,2330.825,2296.425,2321.638,0
2024-06-28 00:00,2321.635,2339.635,2319.645,2326.275,0
2024-06-30 00:00,2326.315,2328.425,2322.065,2324.608,0
2024-07-01 00:00,2324.578,2338.388,2318.395,2325.888,0
2024-07-02 00:00,2325.898,2336.668,2318.945,2331.598,0
2024-07-03 00:00,2331.598,2364.795,2331.598,2357.965,0
2024-07-04 00:00,2357.965,2363.018,2350.364,2361.655,0
2024-07-05 00:00,2361.655,2392.815,2347.515,2390.705,0
2024-07-07 00:00,2385.498,2390.935,2380.535,2382.805,0
2024-07-08 00:00,2382.835,2386.645,2350.915,2367.548,0
2024-07-09 00:00,2367.568,2371.358,2349.455,2368.065,0
2024-07-10 00:00,2368.068,2386.548,2366.505,2378.648,0
2024-07-11 00:00,2378.638,2424.395,2377.668,2408.658,0
2024-07-12 00:00,2408.638,2418.128,2391.325,2410.534,0
2024-07-14 00:00,2412.455,2414.855,2404.815,2411.508,0
2024-07-15 00:00,2411.465,2439.628,2401.225,2428.518,0
2024-07-16 00:00,2428.495,2482.325,2424.955,2471.615,0
2024-07-17 00:00,2471.645,2483.548,2451.425,2467.928,0
2024-07-18 00:00,2467.928,2474.805,2420.315,2428.578,0
2024-07-19 00:00,2428.585,2429.175,2393.675,2400.485,0
2024-07-21 00:00,2401.298,2412.035,2400.875,2406.628,0
2024-07-22 00:00,2406.625,2408.268,2383.715,2398.185,0
2024-07-23 00:00,2398.185,2418.228,2388.135,2416.375,0
2024-07-24 00:00,2416.375,2431.945,2366.625,2374.598,0
2024-07-25 00:00,2374.598,2382.485,2353.005,2371.605,0
2024-07-26 00:00,2371.625,2390.655,2365.098,2386.765,0
2024-07-28 00:00,2387.645,2402.995,2387.115,2394.445,0
2024-07-29 00:00,2394.445,2396.585,2369.518,2385.638,0
2024-07-30 00:00,2385.668,2418.895,2383.265,2416.325,0
2024-07-31 00:00,2416.305,2458.295,2414.285,2442.598,0
2024-08-01 00:00,2442.585,2462.125,2430.075,2454.375,0
2024-08-02 00:00,2454.375,2477.494,2410.664,2443.055,0
2024-08-04 00:00,2443.975,2452.395,2413.908,2450.835,0
2024-08-05 00:00,2450.835,2458.655,2364.164,2408.895,0
2024-08-06 00:00,2408.895,2416.195,2378.868,2385.785,0
2024-08-07 00:00,2385.785,2406.858,2380.855,2394.175,0
2024-08-08 00:00,2394.175,2428.845,2392.345,2420.908,0
2024-08-09 00:00,2420.825,2436.884,2416.815,2430.925,0
2024-08-11 00:00,2430.298,2433.305,2423.695,2428.445,0
2024-08-12 00:00,2428.415,2476.845,2428.095,2463.318,0
2024-08-13 00:00,2463.325,2475.505,2455.225,2460.765,0
2024-08-14 00:00,2460.745,2479.715,2438.0,2453.565,0
2024-08-15 00:00,2453.565,2469.945,2432.015,2452.308,0
2024-08-16 00:00,2452.285,2509.638,2451.025,2506.844,0
2024-08-18 00:00,2508.298,2509.998,2494.845,2503.155,0
2024-08-19 00:00,2503.155,2508.065,2485.515,2501.665,0
2024-08-20 00:00,2501.685,2531.558,2497.235,2517.275,0
2024-08-21 00:00,2517.325,2519.428,2493.698,2502.268,0
2024-08-22 00:00,2502.205,2510.485,2470.705,2493.075,0
2024-08-23 00:00,2493.095,2518.195,2490.465,2512.235,0
2024-08-25 00:00,2511.275,2516.845,2509.205,2509.745,0
2024-08-26 00:00,2509.725,2526.708,2505.698,2508.955,0
2024-08-27 00:00,2508.955,2528.888,2503.325,2515.755,0
2024-08-28 00:00,2515.745,2516.695,2493.515,2516.475,0
2024-08-29 00:00,2516.495,2528.558,2503.515,2513.425,0
2024-08-30 00:00,2513.365,2526.725,2494.048,2502.925,0
2024-09-01 00:00,2502.435,2504.825,2489.915,2496.165,0
2024-09-02 00:00,2496.175,2507.125,2489.534,2494.665,0
2024-09-03 00:00,2494.655,2506.165,2473.245,2494.945,0
2024-09-04 00:00,2494.955,2500.145,2471.718,2494.718,0
2024-09-05 00:00,2494.708,2523.448,2493.665,2518.155,0
2024-09-06 00:00,2518.155,2529.125,2485.015,2497.035,0
2024-09-08 00:00,2497.098,2500.365,2494.625,2499.128,0
2024-09-09 00:00,2499.128,2507.515,2485.405,2502.395,0
2024-09-10 00:00,2502.395,2522.415,2500.024,2519.288,0
2024-09-11 00:00,2519.285,2528.885,2500.825,2515.715,0
2024-09-12 00:00,2515.715,2569.925,2512.905,2567.805,0
2024-09-13 00:00,2567.795,2585.965,2563.035,2577.615,0
2024-09-15 00:00,2578.725,2588.865,2577.384,2586.225,0
2024-09-16 00:00,2586.205,2589.515,2575.115,2577.058,0
2024-09-17 00:00,2577.004,2586.835,2560.984,2575.785,0
2024-09-18 00:00,2575.785,2599.995,2546.645,2563.978,0
2024-09-19 00:00,2563.905,2594.775,2559.435,2591.305,0
2024-09-20 00:00,2591.295,2625.574,2591.185,2621.504,0
2024-09-22 00:00,2620.915,2631.035,2615.945,2628.358,0
2024-09-23 00:00,2628.355,2635.995,2613.685,2633.965,0
2024-09-24 00:00,2633.965,2670.348,2622.475,2661.385,0
2024-09-25 00:00,2661.415,2667.345,2649.715,2662.398,0
2024-09-26 00:00,2662.415,2685.405,2654.685,2673.555,0
2024-09-27 00:00,2673.555,2674.134,2643.111,2657.955,0
2024-09-29 00:00,2657.935,2665.858,2647.285,2653.388,0
2024-09-30 00:00,2653.408,2660.495,2624.538,2637.845,0
2024-10-01 00:00,2637.845,2672.908,2637.335,2655.238,0
2024-10-02 00:00,2655.205,2663.194,2640.954,2655.878,0
2024-10-03 00:00,2655.908,2663.474,2636.255,2660.985,0
2024-10-04 00:00,2660.965,2670.065,2632.068,2653.545,0
2024-10-06 00:00,2650.375,2652.615,2643.708,2647.255,0
2024-10-07 00:00,2647.255,2659.465,2633.665,2642.805,0
2024-10-08 00:00,2642.805,2652.885,2604.575,2617.085,0
2024-10-09 00:00,2617.085,2624.165,2605.045,2611.615,0
2024-10-10 00:00,2611.545,2645.958,2601.734,2645.364,0
2024-10-11 00:00,2645.355,2661.258,2636.025,2656.835,0
2024-10-13 00:00,2656.298,2657.285,2643.058,2655.445,0
2024-10-14 00:00,2655.435,2666.705,2643.835,2645.555,0
2024-10-15 00:00,2645.555,2669.935,2637.955,2667.025,0
2024-10-16 00:00,2667.165,2685.298,2665.475,2676.614,0
2024-10-17 00:00,2676.615,2711.815,2672.914,2709.885,0
2024-10-18 00:00,2709.885,2722.405,2701.615,2721.105,0
2024-10-20 00:00,2720.098,2732.675,2719.448,2731.425,0
2024-10-21 00:00,2731.385,2740.418,2714.165,2730.868,0
2024-10-22 00:00,2730.795,2748.775,2728.875,2745.955,0
2024-10-23 00:00,2745.955,2758.338,2708.635,2722.805,0
2024-10-24 00:00,2722.805,2743.175,2722.385,2725.885,0
2024-10-25 00:00,2725.875,2747.635,2716.885,2746.625,0
2024-10-27 00:00,2735.698,2740.095,2724.545,2732.795,0
2024-10-28 00:00,2732.905,2757.615,2727.715,2754.635,0
2024-10-29 00:00,2754.755,2781.995,2746.225,2780.015,0
2024-10-30 00:00,2780.015,2790.005,2770.795,2784.315,0
2024-10-31 00:00,2784.315,2786.455,2731.415,2752.095,0
2024-11-01 00:00,2752.095,2762.048,2733.095,2735.895,0
2024-11-03 00:00,2733.298,2742.315,2730.0,2740.905,0
2024-11-04 00:00,2740.905,2748.015,2724.695,2734.315,0
2024-11-05 00:00,2734.295,2749.875,2730.425,2741.615,0
2024-11-06 00:00,2741.645,2743.438,2643.134,2654.455,0
2024-11-07 00:00,2654.625,2710.244,2652.635,2693.424,0
2024-11-08 00:00,2693.415,2703.935,2680.215,2684.035,0
2024-11-10 00:00,2683.898,2686.025,2666.375,2671.985,0
2024-11-11 00:00,2671.985,2675.225,2610.515,2617.625,0
2024-11-12 00:00,2617.635,2618.035,2589.508,2606.065,0
2024-11-13 00:00,2606.135,2618.628,2558.785,2565.025,0
2024-11-14 00:00,2565.025,2577.315,2536.664,2566.925,0
2024-11-15 00:00,2566.965,2575.908,2554.335,2562.715,0
2024-11-17 00:00,2564.258,2597.155,2563.835,2592.115,0
2024-11-18 00:00,2592.075,2625.408,2580.284,2622.805,0
2024-11-19 00:00,2622.768,2641.665,2617.625,2636.515,0
2024-11-20 00:00,2636.495,2660.285,2618.705,2656.908,0
2024-11-21 00:00,2656.835,2692.275,2654.435,2688.625,0
2024-11-22 00:00,2688.665,2716.165,2682.935,2715.805,0
2024-11-24 00:00,2713.375,2721.185,2658.824,2672.305,0
2024-11-25 00:00,2672.305,2688.595,2605.085,2626.275,0
2024-11-26 00:00,2626.275,2641.774,2610.668,2638.895,0
2024-11-27 00:00,2638.895,2658.098,2620.815,2631.104,0
2024-11-28 00:00,2631.105,2664.118,2629.975,2659.785,0
2024-11-29 00:00,2659.785,2666.195,2648.525,2649.945,0
2024-12-01 00:00,2653.075,2653.115,2622.765,2628.445,0
2024-12-02 00:00,2628.435,2651.648,2622.0,2639.695,0
2024-12-03 00:00,2639.674,2655.528,2635.115,2648.295,0
2024-12-04 00:00,2648.265,2656.998,2632.315,2646.154,0
2024-12-05 00:00,2646.154,2655.445,2612.585,2642.095,0
2024-12-06 00:00,2642.075,2645.535,2623.864,2632.664,0
2024-12-08 00:00,2646.52,2650.515,2627.455,2635.845,0
2024-12-09 00:00,2635.855,2676.255,2635.748,2670.165,0
2024-12-10 00:00,2670.214,2704.098,2661.064,2684.435,0
2024-12-11 00:00,2684.278,2725.675,2674.345,2712.485,0
2024-12-12 00:00,2712.525,2720.315,2675.055,2687.275,0
2024-12-13 00:00,2687.355,2690.324,2645.945,2647.385,0
2024-12-15 00:00,2649.098,2655.448,2643.374,2652.618,0
2024-12-16 00:00,2652.618,2664.248,2648.475,2651.565,0
2024-12-17 00:00,2651.645,2656.948,2632.795,2644.925,0
2024-12-18 00:00,2644.915,2649.535,2582.264,2609.075,0
2024-12-19 00:00,2609.075,2626.325,2586.815,2597.804,0
2024-12-20 00:00,2597.804,2631.698,2596.335,2622.435,0
2024-12-22 00:00,2623.698,2627.255,2617.285,2625.335,0
2024-12-23 00:00,2625.465,2633.135,2608.055,2619.938,0
2024-12-24 00:00,2619.948,2621.205,2609.935,2616.348,0
2024-12-25 00:00,2619.205,2629.065,2614.248,2627.098,0
2024-12-26 00:00,2627.074,2638.975,2621.598,2633.455,0
2024-12-27 00:00,2633.455,2638.105,2611.285,2621.348,0
2024-12-29 00:00,2620.154,2627.985,2618.914,2621.975,0
2024-12-30 00:00,2621.948,2624.515,2595.905,2606.455,0
2024-12-31 00:00,2606.475,2627.364,2602.475,2624.155,0
2025-01-01 00:00,2625.098,2636.298,2621.475,2633.754,0
2025-01-02 00:00,2633.754,2665.185,2630.985,2662.735,0
2025-01-03 00:00,2662.745,2662.775,2636.625,2639.898,0
2025-01-05 00:00,2639.298,2647.275,2634.185,2635.295,0
2025-01-06 00:00,2635.285,2649.305,2614.365,2638.055,0
2025-01-07 00:00,2638.055,2664.098,2636.855,2646.848,0
2025-01-08 00:00,2646.848,2669.844,2645.674,2658.845,0
2025-01-09 00:00,2658.815,2678.395,2657.535,2671.705,0
2025-01-10 00:00,2671.615,2697.709,2663.205,2689.755,0
2025-01-12 00:00,2690.155,2693.245,2679.145,2685.745,0
2025-01-13 00:00,2685.825,2691.235,2656.615,2673.405,0
2025-01-14 00:00,2673.455,2679.198,2659.645,2675.375,0
2025-01-15 00:00,2675.415,2702.008,2674.385,2697.148,0
2025-01-16 00:00,2697.148,2724.565,2689.725,2714.615,0
2025-01-17 00:00,2714.615,2717.185,2698.445,2702.645,0
2025-01-19 00:00,2701.105,2706.295,2689.308,2705.775,0
2025-01-20 00:00,2705.745,2727.715,2701.498,2727.245,0
2025-01-21 00:00,2727.285,2752.775,2716.345,2751.908,0
2025-01-22 00:00,2751.908,2763.205,2745.425,2751.425,0
2025-01-23 00:00,2751.498,2777.215,2735.665,2771.825,0
2025-01-24 00:00,2771.805,2785.825,2769.708,2769.805,0
2025-01-26 00:00,2770.305,2772.415,2753.618,2757.935,0
2025-01-27 00:00,2757.805,2771.855,2730.529,2742.135,0
2025-01-28 00:00,2742.435,2765.985,2734.738,2762.295,0
2025-01-29 00:00,2762.245,2765.928,2745.0,2760.185,0
2025-01-30 00:00,2760.185,2799.375,2758.475,2795.835,0
2025-01-31 00:00,2795.835,2816.935,2790.895,2798.085,0
2025-02-02 00:00,2793.987,2803.148,2771.885,2780.595,0
2025-02-03 00:00,2780.575,2830.305,2779.775,2818.815,0
2025-02-04 00:00,2818.825,2857.984,2806.925,2854.975,0
2025-02-05 00:00,2854.995,2882.215,2853.445,2868.218,0
2025-02-06 00:00,2868.135,2871.235,2833.955,2866.195,0
2025-02-07 00:00,2866.248,2886.605,2852.085,2860.135,0
2025-02-09 00:00,2858.065,2879.365,2854.448,2879.065,0
2025-02-10 00:00,2879.045,2942.665,2875.915,2916.035,0
2025-02-11 00:00,2916.035,2929.275,2881.635,2885.005,0
2025-02-12 00:00,2885.215,2919.035,2863.685,2918.355,0
2025-02-13 00:00,2918.395,2933.705,2905.548,2928.235,0
2025-02-14 00:00,2928.265,2939.935,2876.805,2882.085,0
2025-02-16 00:00,2881.745,2904.775,2878.015,2898.898,0
2025-02-17 00:00,2898.925,2910.785,2888.155,2910.555,0
2025-02-18 00:00,2910.875,2939.465,2906.915,2929.145,0
2025-02-19 00:00,2929.215,2946.865,2918.365,2939.645,0
2025-02-20 00:00,2939.735,2954.755,2923.945,2928.275,0
2025-02-21 00:00,2928.195,2942.625,2916.615,2934.955,0
2025-02-23 00:00,2934.815,2944.575,2921.055,2940.485,0
2025-02-24 00:00,2940.505,2956.035,2930.585,2936.645,0
2025-02-25 00:00,2936.625,2944.648,2888.085,2914.875,0
2025-02-26 00:00,2914.905,2920.865,2890.588,2897.115,0
2025-02-27 00:00,2897.155,2898.335,2856.785,2863.278,0
2025-02-28 00:00,2863.268,2866.885,2832.455,2856.998,0
2025-03-02 00:00,2855.205,2876.905,2855.075,2867.248,0
2025-03-03 00:00,2867.248,2894.985,2858.735,2891.048,0
2025-03-04 00:00,2891.048,2927.715,2884.155,2910.295,0
2025-03-05 00:00,2910.205,2929.748,2894.145,2917.148,0
2025-03-06 00:00,2917.148,2922.895,2890.815,2906.465,0
2025-03-07 00:00,2906.535,2930.185,2901.825,2909.355,0
2025-03-09 00:00,2910.905,2918.125,2907.975,2910.658,0
2025-03-10 00:00,2910.665,2915.275,2879.935,2897.485,0
2025-03-11 00:00,2897.445,2922.048,2892.405,2914.785,0
2025-03-12 00:00,2914.785,2946.975,2905.755,2944.455,0
2025-03-13 00:00,2944.495,2993.835,2932.768,2985.205,0
2025-03-14 00:00,2985.395,3004.725,2978.085,2983.795,0
2025-03-16 00:00,2984.285,2993.905,2982.165,2982.375,0
2025-03-17 00:00,2982.565,3016.975,2981.975,3014.208,0
2025-03-18 00:00,3014.208,3038.795,3005.848,3036.275,0
2025-03-19 00:00,3036.385,3057.245,3022.315,3052.098,0
2025-03-20 00:00,3052.138,3053.368,3025.428,3029.675,0
2025-03-21 00:00,3029.725,3037.975,2999.268,3022.705,0
2025-03-23 00:00,3020.155,3026.045,3013.475,3019.145,0
2025-03-24 00:00,3019.145,3033.135,3002.145,3014.995,0
2025-03-25 00:00,3014.978,3035.905,3010.218,3015.015,0
2025-03-26 00:00,3015.055,3038.495,3012.125,3033.915,0
2025-03-27 00:00,3033.965,3077.365,3026.535,3073.685,0
2025-03-28 00:00,3073.735,3086.725,3065.798,3083.898,0
2025-03-30 00:00,3086.498,3111.575,3076.485,3106.948,0
2025-03-31 00:00,3106.875,3147.195,3099.685,3145.815,0
2025-04-01 00:00,3145.815,3148.835,3100.665,3125.215,0
2025-04-02 00:00,3125.308,3167.548,3104.175,3147.865,0
2025-04-03 00:00,3147.715,3149.515,3053.935,3098.198,0
2025-04-04 00:00,3098.085,3136.435,3015.335,3037.998,0
2025-04-06 00:00,3006.765,3055.18,2970.305,3018.605,0
2025-04-07 00:00,3018.585,3045.965,2956.125,2994.505,0
2025-04-08 00:00,2994.435,3022.485,2969.605,3004.015,0
2025-04-09 00:00,3003.995,3131.615,2998.695,3125.095,0
2025-04-10 00:00,3125.095,3219.935,3103.165,3217.555,0
2025-04-11 00:00,3217.625,3245.025,3186.605,3236.375,0
2025-04-13 00:00,3229.155,3245.515,3209.205,3232.145,0
2025-04-14 00:00,3232.155,3237.735,3193.315,3228.175,0
2025-04-15 00:00,3228.105,3281.675,3211.385,3281.415,0
2025-04-16 00:00,3281.395,3357.455,3268.895,3344.305,0
2025-04-17 00:00,3344.035,3345.345,3283.345,3326.925,0
2025-04-20 00:00,3331.835,3385.115,3327.985,3382.205,0
2025-04-21 00:00,3382.175,3494.625,3368.845,3487.655,0
2025-04-22 00:00,3487.745,3499.915,3312.625,3338.715,0
2025-04-23 00:00,3338.755,3367.015,3259.485,3326.885,0
2025-04-24 00:00,3326.735,3370.065,3306.245,3323.345,0
2025-04-25 00:00,3323.315,3327.545,3264.785,3318.625,0
2025-04-27 00:00,3324.265,3335.995,3267.765,3290.595,0
2025-04-28 00:00,3290.575,3352.835,3273.065,3315.835,0
2025-04-29 00:00,3315.815,3329.725,3299.325,3304.385,0
2025-04-30 00:00,3304.385,3319.555,3228.435,3228.995,0
2025-05-01 00:00,3229.035,3258.455,3201.685,3254.595,0
2025-05-02 00:00,3254.555,3268.805,3222.395,3239.415,0
2025-05-04 00:00,3239.195,3272.205,3236.745,3254.195,0
2025-05-05 00:00,3254.125,3386.745,3253.355,3360.055,0
2025-05-06 00:00,3360.255,3437.655,3349.745,3374.915,0
2025-05-07 00:00,3374.915,3414.705,3363.035,3396.425,0
2025-05-08 00:00,3396.405,3399.005,3274.295,3307.835,0
2025-05-09 00:00,3307.825,3347.365,3307.825,3323.345,0
2025-05-11 00:00,3271.805,3292.675,3258.535,3283.045,0
2025-05-12 00:00,3282.995,3283.335,3207.495,3236.465,0
2025-05-13 00:00,3236.415,3265.405,3225.145,3228.145,0
2025-05-14 00:00,3228.145,3243.495,3147.735,3150.195,0
2025-05-15 00:00,3150.245,3251.805,3120.205,3211.625,0
2025-05-16 00:00,3211.585,3230.875,3153.475,3202.465,0
2025-05-18 00:00,3218.455,3249.505,3205.785,3211.915,0
2025-05-19 00:00,3211.915,3248.285,3204.205,3211.275,0
2025-05-20 00:00,3211.215,3314.485,3207.665,3307.515,0
2025-05-21 00:00,3307.515,3345.198,3290.668,3335.148,0
2025-05-22 00:00,3335.035,3339.148,3278.789,3301.848,0
2025-05-23 00:00,3301.848,3365.798,3301.748,3356.575,0
2025-05-25 00:00,3355.698,3356.598,3331.198,3347.348,0
2025-05-26 00:00,3347.245,3351.548,3323.298,3340.918,0
2025-05-27 00:00,3340.898,3341.198,3284.159,3297.505,0
2025-05-28 00:00,3297.565,3325.318,3245.198,3274.398,0
2025-05-29 00:00,3274.398,3330.775,3265.848,3294.198,0
2025-05-30 00:00,3293.985,3307.998,3271.095,3288.865,0
2025-06-01 00:00,3298.375,3316.448,3295.208,3308.448,0
2025-06-02 00:00,3308.425,3391.935,3308.425,3360.758,0
2025-06-03 00:00,3360.755,3372.445,3332.575,3358.998,0
2025-06-04 00:00,3358.998,3384.495,3343.448,3369.448,0
2025-06-05 00:00,3369.448,3403.178,3339.048,3369.448,0
2025-06-06 00:00,3369.365,3375.348,3306.915,3309.625,0
2025-06-08 00:00,3311.395,3320.985,3293.198,3310.518,0
2025-06-09 00:00,3310.448,3338.065,3301.698,3307.305,0
2025-06-10 00:00,3307.345,3348.895,3302.645,3339.105,0
2025-06-11 00:00,3339.098,3377.548,3319.405,3373.198,0
2025-06-12 00:00,3373.145,3444.125,3338.385,3425.348,0
2025-06-13 00:00,3425.248,3446.648,3407.755,3431.855,0
2025-06-15 00:00,3451.065,3451.085,3428.075,3431.365,0
2025-06-16 00:00,3431.345,3433.165,3373.235,3387.348,0
2025-06-17 00:00,3387.365,3399.948,3365.835,3390.775,0
2025-06-18 00:00,3390.805,3399.845,3362.355,3373.365,0
2025-06-19 00:00,3373.325,3378.891,3344.375,3355.345,0
2025-06-20 00:00,3355.355,3374.265,3340.175,3368.005,0
2025-06-22 00:00,3390.698,3396.648,3351.765,3363.155,0
2025-06-23 00:00,3363.105,3393.348,3332.865,3352.235,0
2025-06-24 00:00,3352.235,3353.185,3295.098,3328.145,0
2025-06-25 00:00,3328.145,3342.985,3311.705,3337.755,0
2025-06-26 00:00,3337.755,3350.025,3292.398,3294.065,0
2025-06-27 00:00,3294.055,3300.725,3255.485,3273.335,0
2025-06-29 00:00,3272.145,3283.098,3244.925,3278.795,0
2025-06-30 00:00,3278.798,3322.405,3274.405,3320.948,0
2025-07-01 00:00,3320.815,3357.865,3318.648,3339.648,0
2025-07-02 00:00,3339.625,3365.455,3327.275,3347.285,0
2025-07-03 00:00,3347.298,3363.545,3311.215,3338.248,0
2025-07-04 00:00,3338.225,3344.905,3330.529,3336.248,0
2025-07-06 00:00,3334.015,3342.348,3305.765,3310.755,0
2025-07-07 00:00,3310.785,3345.548,3296.195,3331.265,0
2025-07-08 00:00,3331.285,3339.285,3284.638,3293.075,0
2025-07-09 00:00,3293.075,3326.085,3282.425,3315.545,0
2025-07-10 00:00,3315.539,3335.975,3309.905,3333.498,0
2025-07-11 00:00,3333.425,3368.559,3329.325,3354.725,0
2025-07-13 00:00,3362.948,3373.705,3353.575,3356.835,0
2025-07-14 00:00,3356.795,3374.805,3340.755,3357.685,0
2025-07-15 00:00,3357.665,3366.148,3320.055,3334.155,0
2025-07-16 00:00,3334.205,3377.185,3319.499,3341.305,0
2025-07-17 00:00,3341.285,3344.548,3309.575,3334.415,0
2025-07-18 00:00,3334.345,3361.035,3331.645,3349.655,0
2025-07-20 00:00,3349.898,3358.355,3344.798,3351.035,0
2025-07-21 00:00,3351.015,3402.475,3350.398,3392.365,0
2025-07-22 00:00,3392.235,3438.655,3383.115,3422.745,0
2025-07-23 00:00,3422.825,3433.648,3374.348,3383.565,0
2025-07-24 00:00,3383.505,3385.135,3351.168,3358.955,0
2025-07-25 00:00,3358.935,3363.248,3324.805,3335.575,0
2025-07-27 00:00,3316.938,3343.155,3316.938,3343.095,0
2025-07-28 00:00,3343.075,3345.145,3301.465,3312.398,0
2025-07-29 00:00,3312.405,3333.908,3308.815,3328.205,0
2025-07-30 00:00,3328.205,3333.815,3267.955,3294.848,0
2025-07-31 00:00,3294.748,3314.705,3281.435,3291.195,0
2025-08-01 00:00,3291.195,3363.425,3284.998,3362.425,0
2025-08-03 00:00,3364.698,3369.085,3344.748,3360.098,0
2025-08-04 00:00,3360.055,3385.205,3351.498,3371.898,0
2025-08-05 00:00,3371.825,3390.289,3349.639,3374.375,0
2025-08-06 00:00,3374.448,3384.005,3358.015,3379.448,0
2025-08-07 00:00,3379.448,3408.675,3371.498,3395.669,0
2025-08-08 00:00,3395.369,3404.213,3373.288,3398.579,0
2025-08-10 00:00,3397.298,3404.798,3367.205,3378.025,0
2025-08-11 00:00,3378.075,3379.895,3340.808,3349.265,0
2025-08-12 00:00,3349.265,3359.198,3330.898,3349.469,0
2025-08-13 00:00,3349.469,3374.555,3345.398,3360.325,0
2025-08-14 00:00,3360.325,3366.248,3329.645,3343.195,0
2025-08-15 00:00,3343.165,3348.595,3332.705,3334.645,0
2025-08-17 00:00,3336.015,3351.598,3323.335,3346.855,0
2025-08-18 00:00,3346.855,3358.215,3325.885,3337.598,0
2025-08-19 00:00,3337.525,3345.165,3311.255,3317.345,0
2025-08-20 00:00,3317.325,3351.935,3317.045,3339.698,0
2025-08-21 00:00,3339.505,3347.935,3324.948,3331.765,0
2025-08-22 00:00,3331.855,3378.585,3321.045,3371.235,0
2025-08-24 00:00,3370.835,3371.698,3359.495,3367.145,0
2025-08-25 00:00,3367.145,3386.425,3351.175,3372.058,0
2025-08-26 00:00,3372.015,3394.195,3366.985,3380.485,0
2025-08-27 00:00,3380.535,3399.175,3373.665,3389.995,0
2025-08-28 00:00,3389.955,3423.069,3387.415,3410.675,0
2025-08-29 00:00,3410.655,3453.565,3404.185,3446.805,0
2025-08-31 00:00,3445.648,3485.798,3436.548,3474.365,0
2025-09-01 00:00,3474.405,3508.228,3465.905,3494.875,0
2025-09-02 00:00,3494.835,3546.398,3469.805,3530.635,0
2025-09-03 00:00,3530.665,3578.175,3510.425,3528.855,0
2025-09-04 00:00,3528.835,3558.855,3524.145,3558.135,0
2025-09-05 00:00,3558.185,3599.905,3544.605,3585.195,0
2025-09-07 00:00,3582.104,3596.815,3577.698,3583.135,0
2025-09-08 00:00,3583.155,3654.448,3579.365,3645.685,0
2025-09-09 00:00,3645.735,3673.645,3618.505,3636.365,0
2025-09-10 00:00,3636.375,3657.238,3629.715,3631.795,0
2025-09-11 00:00,3631.925,3653.065,3611.465,3652.735,0
2025-09-12 00:00,3652.705,3656.435,3637.375,3642.635,0
2025-09-14 00:00,3643.605,3646.205,3626.148,3645.885,0
2025-09-15 00:00,3645.915,3689.169,3633.469,3680.825,0
2025-09-16 00:00,3680.955,3702.828,3674.208,3681.515,0
2025-09-17 00:00,3681.535,3707.308,3645.765,3658.375,0
2025-09-18 00:00,3658.455,3672.785,3627.465,3653.505,0
2025-09-19 00:00,3653.525,3685.089,3643.025,3684.489,0
2025-09-21 00:00,3686.698,3697.305,3683.365,3695.265,0
2025-09-22 00:00,3695.265,3759.035,3689.795,3746.415,0
2025-09-23 00:00,3746.395,3790.865,3743.025,3765.165,0
2025-09-24 00:00,3765.135,3778.998,3717.348,3736.425,0
2025-09-25 00:00,3736.425,3761.425,3721.915,3745.335,0
2025-09-26 00:00,3745.375,3783.595,3739.015,3759.005,0
2025-09-28 00:00,3756.045,3799.245,3755.898,3794.155,0
2025-09-29 00:00,3794.135,3867.015,3792.295,3864.465,0
2025-09-30 00:00,3864.555,3875.295,3792.875,3861.875,0
2025-10-01 00:00,3861.875,3895.145,3852.635,3866.235,0
2025-10-02 00:00,3866.255,3896.958,3819.095,3842.575,0
2025-10-03 00:00,3842.535,3891.475,3841.415,3886.825,0
2025-10-05 00:00,3887.955,3931.805,3883.248,3929.375,0
2025-10-06 00:00,3929.375,3977.125,3922.235,3973.245,0
2025-10-07 00:00,3973.215,4016.345,3940.685,4014.498,0
2025-10-08 00:00,4014.598,4059.098,4001.025,4026.585,0
2025-10-09 00:00,4026.615,4057.765,3943.788,3961.499,0
2025-10-10 00:00,3961.499,4022.748,3946.675,4017.845,0
2025-10-12 00:00,4000.535,4059.938,4000.535,4051.728,0
2025-10-13 00:00,4051.728,4166.065,4050.675,4162.885,0
2025-10-14 00:00,4162.785,4190.515,4089.805,4186.815,0
2025-10-15 00:00,4186.905,4241.955,4163.149,4233.545,0
2025-10-16 00:00,4233.235,4379.125,4203.175,4366.525,0
2025-10-17 00:00,4366.555,4378.455,4185.425,4250.855,0
2025-10-19 00:00,4247.775,4273.685,4218.505,4264.379,0
2025-10-20 00:00,4264.379,4381.298,4221.005,4346.395,0
2025-10-21 00:00,4346.365,4346.825,4003.298,4128.248,0
2025-10-22 00:00,4128.248,4161.165,4010.795,4090.935,0
2025-10-23 00:00,4090.955,4154.435,4079.468,4122.125,0
2025-10-24 00:00,4122.085,4138.325,4043.618,4111.555,0
2025-10-26 00:00,4064.051,4108.598,4053.505,4068.525,0
2025-10-27 00:00,4068.565,4084.735,3963.288,3973.355,0
2025-10-28 00:00,3974.095,3982.075,3886.199,3951.755,0
2025-10-29 00:00,3951.775,4029.955,3915.065,3972.115,0
2025-10-30 00:00,3972.135,4045.925,3946.958,4005.505,0
2025-10-31 00:00,4005.275,4036.035,3971.965,4001.505,0
2025-11-02 00:00,3983.498,4015.145,3962.325,4003.368,0
2025-11-03 00:00,4003.378,4030.385,3975.435,3985.375,0
2025-11-04 00:00,3985.335,4000.475,3928.475,3970.065,0
2025-11-05 00:00,3970.085,3990.235,3955.825,3988.595,0
2025-11-06 00:00,3988.545,4019.275,3965.425,3998.085,0
2025-11-07 00:00,3998.125,4027.225,3983.855,4000.289,0
2025-11-09 00:00,3997.898,4056.635,3996.698,4053.935,0
2025-11-10 00:00,4053.965,4148.755,4049.995,4142.945,0
2025-11-11 00:00,4142.905,4146.545,4096.845,4110.375,0
2025-11-12 00:00,4110.345,4219.125,4098.665,4209.165,0
2025-11-13 00:00,4209.135,4244.925,4144.965,4202.935,0
2025-11-14 00:00,4202.965,4203.315,4031.955,4082.019,0
2025-11-16 00:00,4084.898,4106.295,4069.575,4078.375,0
2025-11-17 00:00,4078.415,4095.685,4004.419,4010.135,0
2025-11-18 00:00,4010.195,4082.275,3997.658,4074.985,0
2025-11-19 00:00,4075.025,4132.675,4039.998,4075.295,0
2025-11-20 00:00,4075.305,4107.055,4038.605,4052.005,0
2025-11-21 00:00,4052.005,4100.839,4022.075,4064.279,0
2025-11-23 00:00,4070.098,4077.285,4040.375,4043.885,0
2025-11-24 00:00,4043.925,4155.585,4039.945,4140.445,0
2025-11-25 00:00,4140.498,4169.255,4109.415,4161.665,0
2025-11-26 00:00,4161.685,4173.145,4135.675,4150.665,0
2025-11-27 00:00,4150.655,4193.015,4144.425,4188.435,0
2025-11-28 00:00,4188.215,4226.735,4150.075,4218.959,0
2025-11-30 00:00,4222.298,4256.245,4204.348,4245.355,0
2025-12-01 00:00,4245.395,4264.385,4197.895,4218.515,0
2025-12-02 00:00,4218.475,4230.365,4163.458,4222.155,0
2025-12-03 00:00,4222.085,4241.235,4187.125,4196.745,0
2025-12-04 00:00,4196.705,4219.255,4175.005,4216.565,0
2025-12-05 00:00,4216.565,4259.105,4214.135,4243.465,0
2025-12-07 00:00,4199.615,4213.045,4193.385,4208.385,0
2025-12-08 00:00,4208.355,4218.755,4175.998,4186.575,0
2025-12-09 00:00,4186.555,4221.345,4169.845,4206.825,0
2025-12-10 00:00,4206.748,4247.465,4181.565,4213.285,0
2025-12-11 00:00,4213.265,4285.705,4203.905,4266.085,0
2025-12-12 00:00,4266.135,4353.325,4256.845,4298.705,0
2025-12-14 00:00,4299.298,4329.835,4293.798,4325.885,0
2025-12-15 00:00,4325.945,4349.995,4280.385,4288.925,0
2025-12-16 00:00,4288.885,4334.935,4271.125,4329.475,0
2025-12-17 00:00,4329.505,4348.675,4306.305,4331.595,0
2025-12-18 00:00,4331.529,4374.395,4308.285,4322.495,0
2025-12-19 00:00,4322.525,4356.365,4317.305,4338.669,0
2025-12-21 00:00,4338.898,4400.795,4336.635,4398.098,0
2025-12-22 00:00,4398.079,4497.345,4396.445,4482.335,0
2025-12-23 00:00,4482.315,4525.765,4429.975,4498.995,0
2025-12-24 00:00,4498.945,4500.198,4447.895,4479.029,0
2025-12-25 00:00,4490.045,4530.975,4482.655,4508.775,0
2025-12-26 00:00,4508.769,4549.715,4502.505,4532.365,0
2025-12-28 00:00,4538.698,4549.298,4471.498,4515.425,0
2025-12-29 00:00,4515.349,4519.245,4300.698,4363.275,0
2025-12-30 00:00,4363.315,4403.998,4328.765,4332.598,0
2025-12-31 00:00,4332.375,4353.048,4273.805,4318.379,0
