timestamp,open,high,low,close,volume
2015-01-01T00:00:00Z,1281.84900,1282.08000,1281.49900,1281.49900,73
2015-01-01T00:01:00Z,1281.49900,1281.49900,1280.28100,1280.37900,79
2015-01-01T00:02:00Z,1280.47900,1280.73000,1279.87900,1280.73000,94
2015-01-01T00:03:00Z,1280.72900,1280.73000,1279.88000,1280.67900,94
2015-01-01T00:04:00Z,1280.73000,1280.84100,1280.27900,1280.31200,51
2015-01-01T00:05:00Z,1280.33000,1280.73200,1280.12900,1280.20100,69
2015-01-01T00:06:00Z,1280.20200,1280.20200,1279.87900,1279.97900,61
2015-01-01T00:07:00Z,1279.98000,1280.18000,1279.93900,1279.97900,75
2015-01-01T00:08:00Z,1279.93100,1280.11900,1279.42200,1279.50100,73
2015-01-01T00:09:00Z,1279.50100,1279.69100,1279.43200,1279.69100,49
2015-01-01T00:10:00Z,1279.60200,1280.42900,1279.57900,1280.14500,73
2015-01-01T00:11:00Z,1280.14500,1280.42200,1279.86100,1280.18100,47
2015-01-01T00:12:00Z,1280.18100,1280.21700,1279.99200,1279.99200,58
2015-01-01T00:13:00Z,1280.02000,1280.19900,1279.99600,1280.12700,36
2015-01-01T00:14:00Z,1280.12700,1280.30400,1280.10700,1280.27900,58
2015-01-01T00:15:00Z,1280.25500,1280.37100,1280.20100,1280.34200,28
2015-01-01T00:16:00Z,1280.27100,1280.34200,1280.24100,1280.34200,5
2015-01-01T00:17:00Z,1280.37200,1280.47100,1280.37200,1280.47100,7
2015-01-01T00:18:00Z,1280.53400,1280.72900,1280.53400,1280.68000,9
2015-01-01T00:19:00Z,1280.67900,1280.99100,1280.67900,1280.79200,27
2015-01-01T00:20:00Z,1280.79200,1280.79200,1280.57100,1280.57100,44
2015-01-01T00:21:00Z,1280.59100,1280.59100,1279.75000,1279.89100,58
2015-01-01T00:22:00Z,1279.89100,1280.28300,1279.89100,1280.23800,37
2015-01-01T00:23:00Z,1280.21700,1280.44200,1280.09900,1280.26700,12
2015-01-01T00:24:00Z,1280.26700,1280.69100,1280.22100,1280.42200,26
2015-01-01T00:25:00Z,1280.47200,1280.74200,1280.47200,1280.74100,9
2015-01-01T00:26:00Z,1280.75500,1280.90900,1280.58200,1280.67100,13
2015-01-01T00:27:00Z,1280.69100,1280.69200,1280.69100,1280.69100,15
2015-01-01T00:28:00Z,1280.87100,1281.34200,1280.87100,1281.09200,47
2015-01-01T00:29:00Z,1281.19100,1281.29100,1281.19100,1281.27200,11
2015-01-01T00:30:00Z,1281.34100,1281.54100,1281.34100,1281.44100,29
2015-01-01T00:31:00Z,1281.47100,1281.48000,1281.04100,1281.04100,21
2015-01-01T00:32:00Z,1281.07100,1281.17200,1280.67200,1280.80100,34
2015-01-01T00:33:00Z,1280.79200,1280.79200,1279.99200,1280.17100,51
2015-01-01T00:34:00Z,1280.17100,1281.09100,1279.82100,1280.77900,74
2015-01-01T00:35:00Z,1280.80800,1280.99900,1280.70900,1280.90900,49
2015-01-01T00:36:00Z,1280.92200,1281.09100,1280.79100,1280.79100,19
2015-01-01T00:37:00Z,1280.79100,1280.79100,1280.57100,1280.64100,22
2015-01-01T00:38:00Z,1280.84100,1281.14100,1280.79800,1280.82100,31
2015-01-01T00:39:00Z,1280.80900,1281.39100,1280.69100,1281.29200,39
2015-01-01T00:40:00Z,1281.32100,1281.49100,1281.32100,1281.47100,34
2015-01-01T00:41:00Z,1281.47100,1281.47100,1280.73100,1280.88100,38
2015-01-01T00:42:00Z,1280.84200,1281.39100,1280.84200,1281.32100,51
2015-01-01T00:43:00Z,1281.49200,1281.49200,1281.24100,1281.27100,15
2015-01-01T00:44:00Z,1281.27100,1281.84200,1281.27100,1281.84200,21
2015-01-01T00:45:00Z,1281.92900,1282.30000,1281.81900,1282.22900,94
2015-01-01T00:46:00Z,1282.26900,1282.59000,1281.99200,1282.22100,84
2015-01-01T00:47:00Z,1282.18200,1282.29200,1282.09100,1282.09200,40
2015-01-01T00:48:00Z,1282.09200,1282.14200,1281.84200,1282.04100,43
2015-01-01T00:49:00Z,1281.97200,1281.97200,1281.69100,1281.85100,34
2015-01-01T00:50:00Z,1281.85100,1281.89200,1281.47100,1281.47100,38
2015-01-01T00:51:00Z,1281.48000,1281.64200,1281.42100,1281.57100,31
2015-01-01T00:52:00Z,1281.54100,1281.54100,1281.47200,1281.47200,4
2015-01-01T00:53:00Z,1281.47200,1281.47200,1281.17100,1281.32200,27
2015-01-01T00:54:00Z,1281.37100,1281.37100,1281.24100,1281.27900,12
2015-01-01T00:55:00Z,1281.34100,1281.34100,1281.17100,1281.17100,7
2015-01-01T00:56:00Z,1281.17100,1281.24100,1281.09900,1281.14100,13
2015-01-01T00:57:00Z,1281.07900,1281.07900,1280.67200,1280.67200,14
2015-01-01T00:58:00Z,1280.64100,1280.74200,1280.58100,1280.67200,8
2015-01-01T00:59:00Z,1280.64200,1280.67200,1280.57200,1280.67200,7
2015-01-02T00:00:00Z,1275.06900,1275.06900,1274.34000,1274.38900,34
2015-01-02T00:01:00Z,1274.49900,1274.78000,1274.34100,1274.78000,43
2015-01-02T00:02:00Z,1274.77900,1274.77900,1274.40200,1274.68000,46
2015-01-02T00:03:00Z,1274.67900,1274.88000,1274.48100,1274.88000,36
2015-01-02T00:04:00Z,1274.87900,1274.88000,1274.87900,1274.87900,27
2015-01-02T00:05:00Z,1274.88000,1274.88000,1274.77900,1274.77900,35
2015-01-02T00:06:00Z,1274.78000,1274.78000,1274.77900,1274.78000,22
2015-01-02T00:07:00Z,1274.77900,1275.38000,1274.77900,1275.32900,41
2015-01-02T00:08:00Z,1275.33000,1275.33000,1275.07900,1275.07900,36
2015-01-02T00:09:00Z,1275.08000,1275.08000,1274.47900,1274.63000,50
2015-01-02T00:10:00Z,1274.62900,1274.63000,1274.31800,1274.42900,37
2015-01-02T00:11:00Z,1274.43000,1274.73700,1274.43000,1274.68000,47
2015-01-02T00:12:00Z,1274.67900,1274.78000,1274.67900,1274.77900,32
2015-01-02T00:13:00Z,1274.78000,1274.78000,1274.68000,1274.70100,29
2015-01-02T00:14:00Z,1274.67900,1274.68000,1274.51400,1274.67900,21
2015-01-02T00:15:00Z,1274.67900,1274.68000,1274.63000,1274.67900,29
2015-01-02T00:16:00Z,1274.68000,1274.68000,1274.67900,1274.67900,28
2015-01-02T00:17:00Z,1274.68000,1274.68000,1274.67900,1274.68000,20
2015-01-02T00:18:00Z,1274.67900,1274.68000,1274.67900,1274.67900,14
2015-01-02T00:19:00Z,1274.68000,1274.94100,1274.67900,1274.88000,22
2015-01-02T00:20:00Z,1274.87900,1274.94100,1274.84200,1274.84200,6
2015-01-02T00:21:00Z,1274.87100,1274.97200,1274.84100,1274.84100,10
2015-01-02T00:22:00Z,1274.87200,1274.87200,1274.74100,1274.74100,4
2015-01-02T00:23:00Z,1274.77200,1274.79800,1274.77200,1274.77900,30
2015-01-02T00:24:00Z,1274.78000,1274.78000,1274.64100,1274.64100,7
2015-01-02T00:25:00Z,1274.62900,1274.74100,1274.58000,1274.64200,25
2015-01-02T00:26:00Z,1274.67200,1274.69300,1274.64100,1274.67200,12
2015-01-02T00:27:00Z,1274.63200,1274.77200,1274.63200,1274.77200,21
2015-01-02T00:28:00Z,1274.74100,1274.74100,1274.74100,1274.74100,1
2015-01-02T00:29:00Z,1274.67900,1274.68000,1274.67900,1274.67900,14
2015-01-02T00:30:00Z,1274.68000,1274.82900,1274.63200,1274.82900,13
2015-01-02T00:31:00Z,1274.83000,1274.83000,1274.77900,1274.77900,21
2015-01-02T00:32:00Z,1274.78000,1274.78000,1274.77900,1274.77900,35
2015-01-02T00:33:00Z,1274.78000,1274.83000,1274.75800,1274.77900,36
2015-01-02T00:34:00Z,1274.78000,1274.97100,1274.77900,1274.97100,22
2015-01-02T00:35:00Z,1275.04100,1275.14100,1275.04100,1275.14100,15
2015-01-02T00:36:00Z,1275.07100,1275.07100,1274.84100,1274.84100,19
2015-01-02T00:37:00Z,1274.72900,1274.73000,1274.72900,1274.73000,9
2015-01-02T00:38:00Z,1274.72900,1274.78000,1274.69000,1274.78000,32
2015-01-02T00:39:00Z,1274.73900,1274.98000,1274.69300,1274.97200,34
2015-01-02T00:40:00Z,1274.94200,1274.94200,1274.84200,1274.84200,6
2015-01-02T00:41:00Z,1274.73000,1274.77100,1274.69800,1274.72900,12
2015-01-02T00:42:00Z,1274.73000,1274.73000,1274.51100,1274.52900,32
2015-01-02T00:43:00Z,1274.53000,1274.67100,1274.52900,1274.63200,17
2015-01-02T00:44:00Z,1274.63000,1274.63000,1274.54200,1274.54700,5
2015-01-02T00:45:00Z,1274.54700,1274.54700,1274.51100,1274.54200,18
2015-01-02T00:46:00Z,1274.52900,1274.62300,1274.52900,1274.62300,11
2015-01-02T00:47:00Z,1274.53000,1274.53000,1274.52900,1274.52900,2
2015-01-02T00:48:00Z,1274.53000,1274.65000,1274.52900,1274.65000,7
2015-01-02T00:49:00Z,1274.64200,1274.64200,1274.64200,1274.64200,1
2015-01-02T00:50:00Z,1274.64500,1274.64500,1274.62900,1274.62900,3
2015-01-02T00:51:00Z,1274.65400,1274.65400,1274.61300,1274.63500,11
2015-01-02T00:52:00Z,1274.63400,1274.63700,1274.63400,1274.63700,3
2015-01-02T00:53:00Z,1274.62600,1274.66600,1274.62600,1274.65600,6
2015-01-02T00:54:00Z,1274.64300,1274.64300,1274.63600,1274.63600,3
2015-01-02T00:55:00Z,1274.63700,1274.69100,1274.62300,1274.64200,14
2015-01-02T00:56:00Z,1274.68500,1274.73000,1274.63000,1274.71600,18
2015-01-02T00:57:00Z,1274.71700,1274.95200,1274.71700,1274.86000,20
2015-01-02T00:58:00Z,1274.86000,1274.88400,1274.58000,1274.64900,36
2015-01-02T00:59:00Z,1274.66600,1274.68300,1274.55900,1274.59000,12
2015-01-03T00:00:00Z,1260.27000,1260.98000,1260.27000,1260.93000,37
2015-01-03T00:01:00Z,1260.97900,1261.73000,1260.94900,1261.72900,37
2015-01-03T00:02:00Z,1261.73000,1261.93000,1261.62900,1261.78000,45
2015-01-03T00:03:00Z,1261.68200,1261.93000,1261.67900,1261.77900,35
2015-01-03T00:04:00Z,1261.77900,1262.23000,1261.77900,1261.93000,59
2015-01-03T00:05:00Z,1261.92900,1262.22100,1261.67900,1261.98000,55
2015-01-03T00:06:00Z,1261.97900,1262.18000,1261.97900,1262.17900,29
2015-01-03T00:07:00Z,1262.18000,1262.18000,1262.02900,1262.02900,27
2015-01-03T00:08:00Z,1262.03000,1262.03000,1261.52900,1261.88000,43
2015-01-03T00:09:00Z,1261.87900,1261.88000,1261.07900,1261.42900,50
2015-01-03T00:10:00Z,1261.37900,1261.68000,1261.23900,1261.42900,37
2015-01-03T00:11:00Z,1261.43000,1261.43000,1261.37900,1261.37900,20
2015-01-03T00:12:00Z,1261.38000,1261.46100,1261.37900,1261.42900,28
2015-01-03T00:13:00Z,1261.43000,1261.58000,1261.42900,1261.57900,19
2015-01-03T00:14:00Z,1261.58000,1261.76200,1261.58000,1261.63000,29
2015-01-03T00:15:00Z,1261.62900,1261.88100,1261.62900,1261.88100,14
2015-01-03T00:16:00Z,1261.88100,1262.08200,1261.88100,1262.08200,11
2015-01-03T00:17:00Z,1261.96200,1262.46100,1261.96200,1262.00100,20
2015-01-03T00:18:00Z,1262.00100,1262.33000,1261.62900,1261.63000,34
2015-01-03T00:19:00Z,1261.62900,1261.68100,1261.62900,1261.68100,23
2015-01-03T00:20:00Z,1261.78100,1261.88100,1261.76100,1261.86100,13
2015-01-03T00:21:00Z,1261.88200,1262.06100,1261.78100,1262.06100,26
2015-01-03T00:22:00Z,1262.06100,1262.28200,1261.86300,1261.86300,27
2015-01-03T00:23:00Z,1261.88100,1261.89800,1261.76200,1261.76200,13
2015-01-03T00:24:00Z,1261.76200,1261.87900,1261.48800,1261.85800,16
2015-01-03T00:25:00Z,1261.84500,1262.06200,1261.77300,1262.06200,6
2015-01-03T00:26:00Z,1262.03000,1262.06100,1262.02900,1262.06100,5
2015-01-03T00:27:00Z,1262.02900,1262.03000,1262.02900,1262.02900,7
2015-01-03T00:28:00Z,1262.03000,1262.06100,1261.96100,1262.06100,28
2015-01-03T00:29:00Z,1262.02900,1262.05800,1262.02900,1262.05800,4
2015-01-03T00:30:00Z,1262.03400,1262.05800,1261.97900,1262.02800,11
2015-01-03T00:31:00Z,1262.00400,1262.21800,1262.00400,1262.21800,9
2015-01-03T00:32:00Z,1262.18800,1262.18900,1262.09000,1262.18900,16
2015-01-03T00:33:00Z,1262.19900,1262.21900,1262.19900,1262.21900,2
2015-01-03T00:34:00Z,1262.21900,1262.21900,1262.10000,1262.11400,7
2015-01-03T00:35:00Z,1262.13000,1262.22900,1262.13000,1262.18900,12
2015-01-03T00:36:00Z,1262.18000,1262.93300,1262.18000,1262.83400,52
2015-01-03T00:37:00Z,1262.85600,1262.85600,1262.31500,1262.31500,25
2015-01-03T00:38:00Z,1262.29500,1262.31600,1262.13600,1262.13600,13
2015-01-03T00:39:00Z,1262.13600,1262.26600,1262.13600,1262.15600,20
2015-01-03T00:40:00Z,1262.17100,1262.29200,1262.16100,1262.29200,10
2015-01-03T00:41:00Z,1262.31600,1262.49200,1261.94600,1261.94600,29
2015-01-03T00:42:00Z,1261.87100,1262.07700,1261.54100,1261.60500,63
2015-01-03T00:43:00Z,1261.60500,1261.67000,1261.60500,1261.66000,8
2015-01-03T00:44:00Z,1261.66000,1261.77100,1261.66000,1261.77100,5
2015-01-03T00:45:00Z,1261.75000,1261.75000,1261.62000,1261.69100,16
2015-01-03T00:46:00Z,1261.72100,1261.75100,1261.72100,1261.74500,5
2015-01-03T00:47:00Z,1261.74500,1261.74600,1261.70500,1261.72600,27
2015-01-03T00:48:00Z,1261.99100,1262.09100,1261.99100,1262.04900,33
2015-01-03T00:49:00Z,1262.04900,1262.04900,1261.93500,1262.04600,40
2015-01-03T00:50:00Z,1262.03000,1262.03000,1261.62600,1261.65300,25
2015-01-03T00:51:00Z,1261.69100,1261.73900,1261.20300,1261.64300,47
2015-01-03T00:52:00Z,1261.61900,1261.61900,1261.25400,1261.25400,17
2015-01-03T00:53:00Z,1261.27300,1261.28800,1261.20400,1261.21800,14
2015-01-03T00:54:00Z,1261.19400,1261.44500,1261.19400,1261.38700,17
2015-01-03T00:55:00Z,1261.42900,1261.67500,1261.39800,1261.66600,50
2015-01-03T00:56:00Z,1261.64900,1261.74200,1261.63600,1261.74200,13
2015-01-03T00:57:00Z,1261.72500,1261.75300,1261.63200,1261.63200,18
2015-01-03T00:58:00Z,1261.64800,1261.64800,1261.39900,1261.39900,16
2015-01-03T00:59:00Z,1261.39900,1261.47100,1261.23900,1261.44100,16
2015-01-04T00:00:00Z,1270.08000,1270.08000,1269.33000,1269.62900,53
2015-01-04T00:01:00Z,1269.63000,1270.38000,1269.50100,1270.18000,55
2015-01-04T00:02:00Z,1270.17900,1270.33000,1270.02900,1270.17900,32
2015-01-04T00:03:00Z,1270.18000,1270.18000,1270.12900,1270.12900,24
2015-01-04T00:04:00Z,1270.13000,1270.13000,1270.12900,1270.13000,15
2015-01-04T00:05:00Z,1270.12900,1270.13000,1269.97900,1270.02900,39
2015-01-04T00:06:00Z,1270.03000,1270.18000,1269.97900,1270.02900,32
2015-01-04T00:07:00Z,1270.03000,1270.32900,1270.02900,1270.27900,33
2015-01-04T00:08:00Z,1270.28000,1270.33000,1270.18000,1270.22900,37
2015-01-04T00:09:00Z,1270.23000,1270.28000,1270.17900,1270.27900,33
2015-01-04T00:10:00Z,1270.27900,1270.48000,1270.27900,1270.32900,23
2015-01-04T00:11:00Z,1270.33000,1270.33000,1270.02900,1270.12900,37
2015-01-04T00:12:00Z,1270.16200,1270.28000,1269.87900,1269.92900,33
2015-01-04T00:13:00Z,1269.92900,1270.08000,1269.92900,1270.07900,34
2015-01-04T00:14:00Z,1270.07900,1270.08000,1270.07900,1270.08000,39
2015-01-04T00:15:00Z,1269.89800,1269.89800,1269.84100,1269.84100,33
2015-01-04T00:16:00Z,1269.87100,1270.38000,1269.87100,1270.24100,40
2015-01-04T00:17:00Z,1270.22900,1270.38000,1270.17900,1270.17900,29
2015-01-04T00:18:00Z,1270.18000,1270.18000,1269.97900,1270.04100,25
2015-01-04T00:19:00Z,1270.07100,1270.28000,1270.07100,1270.27900,34
2015-01-04T00:20:00Z,1270.28000,1271.11900,1270.27900,1271.01900,60
2015-01-04T00:21:00Z,1271.06800,1271.32900,1271.02900,1271.03000,63
2015-01-04T00:22:00Z,1271.03000,1271.54100,1271.03000,1271.54100,48
2015-01-04T00:23:00Z,1271.57100,1271.78000,1271.57100,1271.73000,63
2015-01-04T00:24:00Z,1271.72900,1271.77200,1271.54200,1271.62900,37
2015-01-04T00:25:00Z,1271.63000,1271.70100,1271.42900,1271.42900,39
2015-01-04T00:26:00Z,1271.43000,1271.53000,1271.42900,1271.51200,16
2015-01-04T00:27:00Z,1271.48000,1271.53000,1271.42900,1271.53000,20
2015-01-04T00:28:00Z,1271.52900,1272.19100,1271.42900,1272.12900,42
2015-01-04T00:29:00Z,1272.13000,1272.23000,1271.96400,1272.07900,64
2015-01-04T00:30:00Z,1272.08000,1272.29100,1272.02900,1272.29100,22
2015-01-04T00:31:00Z,1272.22900,1272.22900,1272.11100,1272.19200,5
2015-01-04T00:32:00Z,1272.17900,1272.21100,1272.09100,1272.21100,9
2015-01-04T00:33:00Z,1272.19200,1272.19200,1272.12900,1272.12900,32
2015-01-04T00:34:00Z,1272.12900,1272.34200,1272.09100,1272.17100,22
2015-01-04T00:35:00Z,1272.24200,1273.87900,1272.21100,1273.83800,39
2015-01-04T00:36:00Z,1273.73100,1273.85200,1273.17900,1273.18000,111
2015-01-04T00:37:00Z,1273.17900,1273.17900,1272.85500,1272.98700,89
2015-01-04T00:38:00Z,1273.07900,1273.34100,1273.07900,1273.34100,50
2015-01-04T00:39:00Z,1273.37900,1273.64100,1273.18700,1273.18700,47
2015-01-04T00:40:00Z,1273.20100,1273.69700,1273.20100,1273.69700,25
2015-01-04T00:41:00Z,1273.69700,1273.87100,1273.37900,1273.72700,52
2015-01-04T00:42:00Z,1273.76000,1273.80100,1273.62700,1273.64100,40
2015-01-04T00:43:00Z,1273.64100,1273.64100,1272.87900,1273.07900,53
2015-01-04T00:44:00Z,1273.09700,1273.18000,1273.09100,1273.17200,36
2015-01-04T00:45:00Z,1273.17200,1273.67200,1273.07100,1273.67200,30
2015-01-04T00:46:00Z,1273.74100,1273.77100,1273.20500,1273.50200,34
2015-01-04T00:47:00Z,1273.50200,1273.57200,1273.37100,1273.37100,26
2015-01-04T00:48:00Z,1273.37100,1273.37100,1273.24500,1273.24500,5
2015-01-04T00:49:00Z,1273.27100,1273.27100,1272.57100,1272.57100,32
2015-01-04T00:50:00Z,1272.57100,1272.57100,1272.03200,1272.29100,74
2015-01-04T00:51:00Z,1272.29100,1272.47200,1272.19100,1272.27200,21
2015-01-04T00:52:00Z,1272.27200,1272.54100,1272.24100,1272.37200,24
2015-01-04T00:53:00Z,1272.37200,1272.37200,1272.21100,1272.27100,18
2015-01-04T00:54:00Z,1272.27100,1272.27100,1271.80100,1272.10600,37
2015-01-04T00:55:00Z,1272.16800,1272.55100,1272.16800,1272.38500,44
2015-01-04T00:56:00Z,1272.37900,1272.67200,1272.37900,1272.44300,35
2015-01-04T00:57:00Z,1272.44100,1272.47100,1272.37100,1272.44200,25
2015-01-04T00:58:00Z,1272.37100,1272.67200,1272.37100,1272.37100,49
2015-01-04T00:59:00Z,1272.31300,1272.43100,1272.25000,1272.34100,18
2015-01-05T00:00:00Z,1264.82900,1265.23000,1264.76900,1265.07900,49
2015-01-05T00:01:00Z,1265.07900,1265.68000,1264.92900,1265.47900,64
2015-01-05T00:02:00Z,1265.48000,1266.88000,1265.42900,1266.77900,87
2015-01-05T00:03:00Z,1266.78000,1267.72900,1266.77900,1267.33000,67
2015-01-05T00:04:00Z,1267.22900,1267.47900,1266.72100,1266.92900,64
2015-01-05T00:05:00Z,1267.03000,1267.23000,1266.48000,1266.62900,56
2015-01-05T00:06:00Z,1266.62900,1266.62900,1266.32900,1266.32900,37
2015-01-05T00:07:00Z,1266.33000,1266.33000,1266.12900,1266.28000,39
2015-01-05T00:08:00Z,1266.27900,1266.38000,1266.17900,1266.18000,34
2015-01-05T00:09:00Z,1266.17900,1266.33000,1266.12900,1266.33000,24
2015-01-05T00:10:00Z,1266.32900,1266.38000,1266.32900,1266.37900,21
2015-01-05T00:11:00Z,1266.38000,1266.38000,1266.12900,1266.28000,35
2015-01-05T00:12:00Z,1266.27900,1266.63000,1266.27900,1266.62900,34
2015-01-05T00:13:00Z,1266.44100,1266.44100,1266.17900,1266.18000,47
2015-01-05T00:14:00Z,1266.17900,1266.37100,1266.16800,1266.22900,40
2015-01-05T00:15:00Z,1266.15200,1266.15200,1266.02900,1266.03200,23
2015-01-05T00:16:00Z,1266.03000,1266.03000,1265.52900,1265.52900,40
2015-01-05T00:17:00Z,1265.53000,1265.53100,1265.40200,1265.53100,28
2015-01-05T00:18:00Z,1265.50200,1265.53100,1265.50200,1265.53100,2
2015-01-05T00:19:00Z,1265.42900,1265.43000,1265.32900,1265.33100,16
2015-01-05T00:20:00Z,1265.32900,1265.32900,1265.32900,1265.32900,1
2015-01-05T00:21:00Z,1265.33000,1265.33000,1265.32900,1265.32900,28
2015-01-05T00:22:00Z,1265.33000,1265.60200,1265.32900,1265.60200,22
2015-01-05T00:23:00Z,1265.53200,1265.93100,1265.46900,1265.93100,25
2015-01-05T00:24:00Z,1265.93300,1266.05100,1265.62900,1265.62900,37
2015-01-05T00:25:00Z,1265.63000,1265.68000,1265.45100,1265.55100,23
2015-01-05T00:26:00Z,1265.50400,1265.50400,1265.33100,1265.33100,6
2015-01-05T00:27:00Z,1265.35100,1265.55100,1265.33100,1265.43100,13
2015-01-05T00:28:00Z,1265.42900,1265.53100,1265.42900,1265.45800,13
2015-01-05T00:29:00Z,1265.43800,1265.60100,1265.43800,1265.47800,7
2015-01-05T00:30:00Z,1265.43800,1265.43800,1265.43800,1265.43800,4
2015-01-05T00:31:00Z,1265.43200,1265.50200,1265.30200,1265.30200,17
2015-01-05T00:32:00Z,1265.33100,1265.83000,1265.20100,1265.68900,49
2015-01-05T00:33:00Z,1265.68900,1265.68900,1265.63100,1265.63100,2
2015-01-05T00:34:00Z,1265.73100,1266.06800,1265.73100,1266.06800,25
2015-01-05T00:35:00Z,1266.05900,1266.10100,1266.02900,1266.07300,10
2015-01-05T00:36:00Z,1266.08800,1266.08800,1265.42900,1265.63000,46
2015-01-05T00:37:00Z,1265.75600,1266.13000,1265.75600,1266.01100,14
2015-01-05T00:38:00Z,1266.03000,1266.13000,1266.03000,1266.04700,12
2015-01-05T00:39:00Z,1266.04700,1266.04700,1266.02900,1266.02900,2
2015-01-05T00:40:00Z,1266.03000,1266.03000,1266.02900,1266.02900,18
2015-01-05T00:41:00Z,1266.12900,1266.40100,1266.12900,1266.32400,11
2015-01-05T00:42:00Z,1266.32400,1266.32400,1266.04800,1266.04800,16
2015-01-05T00:43:00Z,1266.04500,1266.06600,1265.76100,1265.76100,12
2015-01-05T00:44:00Z,1265.77700,1265.90000,1265.67600,1265.88400,19
2015-01-05T00:45:00Z,1265.87300,1265.89900,1265.83800,1265.85800,9
2015-01-05T00:46:00Z,1265.87900,1265.89000,1265.87900,1265.88800,3
2015-01-05T00:47:00Z,1265.83000,1265.83000,1265.82900,1265.83000,3
2015-01-05T00:48:00Z,1265.82900,1265.87000,1265.82900,1265.87000,15
2015-01-05T00:49:00Z,1265.83900,1265.88900,1265.83900,1265.88900,4
2015-01-05T00:50:00Z,1265.88900,1265.88900,1265.75400,1265.75400,5
2015-01-05T00:51:00Z,1265.75500,1265.80900,1265.75400,1265.79400,6
2015-01-05T00:52:00Z,1265.80400,1265.80400,1265.80400,1265.80400,1
2015-01-05T00:53:00Z,1265.79800,1265.79800,1265.77700,1265.78700,4
2015-01-05T00:54:00Z,1265.72900,1265.73000,1265.72900,1265.72900,21
2015-01-05T00:55:00Z,1265.73000,1265.74100,1265.72900,1265.74100,23
2015-01-05T00:56:00Z,1265.74100,1265.77300,1265.72900,1265.77300,6
2015-01-05T00:57:00Z,1265.68000,1265.68000,1265.67900,1265.67900,28
2015-01-05T00:58:00Z,1265.68000,1265.70100,1265.56700,1265.56700,15
2015-01-05T00:59:00Z,1265.59200,1265.60700,1265.32700,1265.32700,27
2015-01-06T00:00:00Z,1235.37900,1235.68000,1235.27900,1235.27900,57
2015-01-06T00:01:00Z,1235.37900,1235.57900,1235.27900,1235.27900,40
2015-01-06T00:02:00Z,1235.28000,1235.28000,1234.97900,1234.97900,22
2015-01-06T00:03:00Z,1234.97900,1235.08000,1234.94200,1235.07900,32
2015-01-06T00:04:00Z,1235.08000,1235.38000,1235.07900,1235.37900,34
2015-01-06T00:05:00Z,1235.34100,1235.34100,1234.86100,1234.94100,33
2015-01-06T00:06:00Z,1234.94100,1234.94100,1234.84100,1234.86100,20
2015-01-06T00:07:00Z,1234.84200,1234.94200,1234.84100,1234.94200,18
2015-01-06T00:08:00Z,1234.84100,1234.94100,1234.56100,1234.56100,25
2015-01-06T00:09:00Z,1234.54100,1234.66200,1234.44100,1234.56100,41
2015-01-06T00:10:00Z,1234.56100,1234.76100,1234.34200,1234.36100,36
2015-01-06T00:11:00Z,1234.36100,1234.44200,1234.34100,1234.34100,28
2015-01-06T00:12:00Z,1234.34100,1234.44100,1234.04100,1234.06100,18
2015-01-06T00:13:00Z,1234.06100,1234.16200,1234.02100,1234.06100,16
2015-01-06T00:14:00Z,1234.06200,1234.26100,1234.06100,1234.06100,29
2015-01-06T00:15:00Z,1234.07900,1234.54100,1234.07900,1234.26100,47
2015-01-06T00:16:00Z,1234.27900,1234.46100,1234.27900,1234.46100,15
2015-01-06T00:17:00Z,1234.54200,1234.54200,1234.26100,1234.26100,15
2015-01-06T00:18:00Z,1234.26100,1234.26100,1234.16100,1234.16100,7
2015-01-06T00:19:00Z,1234.16100,1234.16200,1233.94200,1234.06200,32
2015-01-06T00:20:00Z,1234.06200,1234.16200,1234.06100,1234.16200,18
2015-01-06T00:21:00Z,1234.21000,1234.36100,1234.21000,1234.36100,17
2015-01-06T00:22:00Z,1234.25100,1234.46200,1234.25100,1234.46200,13
2015-01-06T00:23:00Z,1234.54100,1234.54100,1234.36100,1234.46100,24
2015-01-06T00:24:00Z,1234.46200,1234.46200,1234.46200,1234.46200,2
2015-01-06T00:25:00Z,1234.43100,1234.43100,1234.39900,1234.39900,6
2015-01-06T00:26:00Z,1234.40000,1234.64200,1234.39900,1234.56100,17
2015-01-06T00:27:00Z,1234.56100,1234.56100,1234.44200,1234.44200,14
2015-01-06T00:28:00Z,1234.54200,1234.54200,1234.46100,1234.46100,8
2015-01-06T00:29:00Z,1234.46100,1234.46100,1234.46100,1234.46100,13
2015-01-06T00:30:00Z,1234.46100,1234.46100,1234.33900,1234.44100,22
2015-01-06T00:31:00Z,1234.44100,1234.44100,1234.32900,1234.32900,12
2015-01-06T00:32:00Z,1234.28100,1234.28100,1232.89200,1233.05100,51
2015-01-06T00:33:00Z,1233.05100,1233.24100,1232.56200,1233.16100,57
2015-01-06T00:34:00Z,1233.16100,1233.34100,1233.14200,1233.26100,23
2015-01-06T00:35:00Z,1233.26100,1233.36200,1233.26100,1233.26200,19
2015-01-06T00:36:00Z,1233.26200,1233.36200,1233.26200,1233.26200,22
2015-01-06T00:37:00Z,1233.26200,1233.26200,1233.14200,1233.14200,18
2015-01-06T00:38:00Z,1233.14200,1233.24200,1233.06200,1233.06200,24
2015-01-06T00:39:00Z,1233.06200,1233.06200,1232.17100,1232.23200,76
2015-01-06T00:40:00Z,1232.23200,1232.46100,1232.14200,1232.14200,40
2015-01-06T00:41:00Z,1232.14200,1232.15100,1231.96100,1232.15100,37
2015-01-06T00:42:00Z,1232.28800,1232.93800,1232.28800,1232.78800,44
2015-01-06T00:43:00Z,1232.78800,1232.78900,1232.73900,1232.78900,24
2015-01-06T00:44:00Z,1232.78000,1232.82000,1232.73900,1232.78000,19
2015-01-06T00:45:00Z,1232.74200,1233.02900,1232.74200,1232.93900,31
2015-01-06T00:46:00Z,1232.93900,1233.03000,1232.83000,1232.90200,30
2015-01-06T00:47:00Z,1232.90200,1233.15100,1232.90200,1233.10200,35
2015-01-06T00:48:00Z,1233.12900,1233.22200,1232.98100,1233.08100,36
2015-01-06T00:49:00Z,1233.08100,1233.40100,1233.08100,1233.34000,23
2015-01-06T00:50:00Z,1233.40100,1233.54000,1233.33900,1233.53900,20
2015-01-06T00:51:00Z,1233.53900,1233.53900,1233.18800,1233.18800,32
2015-01-06T00:52:00Z,1233.18800,1233.23900,1232.38900,1232.73800,48
2015-01-06T00:53:00Z,1232.73800,1233.08800,1232.44000,1233.02900,55
2015-01-06T00:54:00Z,1233.08800,1233.23800,1233.08800,1233.18800,5
2015-01-06T00:55:00Z,1233.16100,1233.41200,1233.16100,1233.41200,20
2015-01-06T00:56:00Z,1233.41200,1233.72900,1233.37200,1233.60100,34
2015-01-06T00:57:00Z,1233.60100,1233.60100,1233.47100,1233.48900,21
2015-01-06T00:58:00Z,1233.49000,1233.54900,1233.49000,1233.50900,8
2015-01-06T00:59:00Z,1233.50900,1233.74200,1233.43200,1233.60200,14
2015-01-08T00:00:00Z,1236.38000,1236.47000,1235.53900,1236.46900,122
2015-01-08T00:01:00Z,1236.47000,1237.00000,1235.55100,1235.61900,122
2015-01-08T00:02:00Z,1235.62000,1235.75000,1234.45100,1234.64000,103
2015-01-08T00:03:00Z,1234.63900,1235.28900,1234.22900,1234.98000,96
2015-01-08T00:04:00Z,1234.97900,1235.15900,1234.36100,1234.53100,68
2015-01-08T00:05:00Z,1234.56000,1235.03100,1234.56000,1234.83100,73
2015-01-08T00:06:00Z,1234.80200,1235.04200,1234.80200,1234.97200,44
2015-01-08T00:07:00Z,1234.97200,1235.11200,1234.85100,1235.04100,65
2015-01-08T00:08:00Z,1235.04100,1235.04100,1234.77200,1234.93900,63
2015-01-08T00:09:00Z,1235.12000,1235.21000,1234.90900,1235.01900,65
2015-01-08T00:10:00Z,1235.02000,1235.12100,1234.93100,1235.10200,27
2015-01-08T00:11:00Z,1235.10200,1235.17200,1234.95200,1235.04500,61
2015-01-08T00:12:00Z,1235.05100,1235.31800,1235.03700,1235.29800,41
2015-01-08T00:13:00Z,1235.27900,1235.70600,1235.04000,1235.68500,54
2015-01-08T00:14:00Z,1235.68500,1236.59800,1235.68500,1236.17200,99
2015-01-08T00:15:00Z,1236.19400,1236.44100,1236.07700,1236.07800,48
2015-01-08T00:16:00Z,1236.07200,1236.30000,1236.07200,1236.18600,37
2015-01-08T00:17:00Z,1236.23400,1236.58000,1236.23400,1236.46900,49
2015-01-08T00:18:00Z,1236.47000,1236.60200,1236.21200,1236.54900,52
2015-01-08T00:19:00Z,1236.51900,1237.03400,1236.51900,1236.99300,75
2015-01-08T00:20:00Z,1236.99300,1237.03500,1236.93100,1236.97900,47
2015-01-08T00:21:00Z,1236.97900,1237.03100,1236.93700,1237.03100,42
2015-01-08T00:22:00Z,1237.04900,1237.29200,1237.01000,1237.28100,67
2015-01-08T00:23:00Z,1237.33200,1237.95600,1237.25200,1237.87100,64
2015-01-08T00:24:00Z,1237.82200,1237.86100,1237.67100,1237.71300,67
2015-01-08T00:25:00Z,1237.71300,1237.72100,1237.68100,1237.72100,47
2015-01-08T00:26:00Z,1237.72100,1237.81000,1237.67100,1237.76800,45
2015-01-08T00:27:00Z,1237.80800,1237.81700,1237.69200,1237.73400,42
2015-01-08T00:28:00Z,1237.73400,1237.78600,1237.67100,1237.75800,52
2015-01-08T00:29:00Z,1237.75800,1237.81600,1237.70300,1237.75800,53
2015-01-08T00:30:00Z,1237.75800,1237.81000,1237.09100,1237.16500,70
2015-01-08T00:31:00Z,1237.18600,1237.18600,1236.78400,1236.82100,38
2015-01-08T00:32:00Z,1236.82100,1236.98800,1236.75800,1236.84800,33
2015-01-08T00:33:00Z,1236.94900,1237.49900,1236.94900,1237.49900,31
2015-01-08T00:34:00Z,1237.54900,1237.56400,1237.40900,1237.40900,20
2015-01-08T00:35:00Z,1237.40900,1237.48500,1236.94800,1236.94800,41
2015-01-08T00:36:00Z,1236.94800,1237.04800,1236.94800,1236.95100,19
2015-01-08T00:37:00Z,1236.99800,1237.04900,1236.99800,1236.99900,26
2015-01-08T00:38:00Z,1236.97700,1237.44800,1236.97700,1237.30900,24
2015-01-08T00:39:00Z,1237.32700,1237.47200,1237.27700,1237.47200,41
2015-01-08T00:40:00Z,1237.47200,1238.04500,1237.47200,1238.04500,16
2015-01-08T00:41:00Z,1237.95100,1238.36900,1237.71100,1238.36900,28
2015-01-08T00:42:00Z,1238.36900,1238.49800,1238.16800,1238.16900,25
2015-01-08T00:43:00Z,1238.18900,1238.58500,1238.18900,1238.52900,18
2015-01-08T00:44:00Z,1238.56400,1238.69500,1238.53000,1238.54000,49
2015-01-08T00:45:00Z,1238.54000,1238.81000,1238.13900,1238.22100,54
2015-01-08T00:46:00Z,1238.21000,1238.21600,1238.20100,1238.21600,4
2015-01-08T00:47:00Z,1238.17600,1238.34100,1238.10200,1238.27100,27
2015-01-08T00:48:00Z,1238.20200,1238.20200,1238.01100,1238.01100,13
2015-01-08T00:49:00Z,1238.01100,1238.04800,1237.69200,1237.70800,32
2015-01-08T00:50:00Z,1237.73100,1238.00400,1237.60200,1237.94500,33
2015-01-08T00:51:00Z,1237.93400,1238.00100,1237.92200,1238.00100,6
2015-01-08T00:52:00Z,1237.92100,1238.02200,1237.92100,1238.02200,5
2015-01-08T00:53:00Z,1238.00200,1238.02200,1237.90200,1237.90200,8
2015-01-08T00:54:00Z,1237.85200,1237.88100,1237.85200,1237.88100,7
2015-01-08T00:55:00Z,1237.85100,1238.05200,1237.85100,1238.05100,20
2015-01-08T00:56:00Z,1238.05100,1238.05200,1237.96400,1238.03100,20
2015-01-08T00:57:00Z,1237.97400,1237.97400,1237.83200,1237.93100,19
2015-01-08T00:58:00Z,1237.93100,1238.03100,1237.86200,1237.93100,22
2015-01-08T00:59:00Z,1237.93100,1237.93200,1237.76400,1237.93200,13
2015-01-09T00:00:00Z,1237.85000,1238.05900,1237.80900,1237.98900,50
2015-01-09T00:01:00Z,1237.99900,1238.03100,1237.85900,1237.86000,36
2015-01-09T00:02:00Z,1237.85900,1238.28000,1237.85900,1238.27900,31
2015-01-09T00:03:00Z,1238.23000,1238.48200,1238.23000,1238.48200,24
2015-01-09T00:04:00Z,1238.53000,1238.68000,1238.53000,1238.68000,25
2015-01-09T00:05:00Z,1238.78000,1238.78000,1238.47100,1238.67900,41
2015-01-09T00:06:00Z,1238.68000,1238.73000,1238.58000,1238.67900,28
2015-01-09T00:07:00Z,1238.68000,1238.78000,1238.47900,1238.63000,29
2015-01-09T00:08:00Z,1238.62900,1238.88000,1238.52900,1238.53000,47
2015-01-09T00:09:00Z,1238.52900,1238.68000,1238.48000,1238.67900,35
2015-01-09T00:10:00Z,1238.68000,1238.82100,1238.67900,1238.82100,6
2015-01-09T00:11:00Z,1238.82100,1238.85400,1238.81900,1238.85400,4
2015-01-09T00:12:00Z,1238.85400,1238.93800,1238.71800,1238.78000,45
2015-01-09T00:13:00Z,1238.78000,1238.91400,1238.78000,1238.86400,31
2015-01-09T00:14:00Z,1238.86400,1238.86400,1238.61200,1238.61500,21
2015-01-09T00:15:00Z,1238.63900,1238.63900,1238.35400,1238.40200,17
2015-01-09T00:16:00Z,1238.47900,1238.55100,1238.35100,1238.35100,20
2015-01-09T00:17:00Z,1238.32700,1238.34600,1238.27100,1238.32200,17
2015-01-09T00:18:00Z,1238.31700,1238.31700,1238.21300,1238.30100,20
2015-01-09T00:19:00Z,1238.30100,1238.30100,1238.27900,1238.27900,26
2015-01-09T00:20:00Z,1238.28000,1238.30200,1238.25800,1238.30100,32
2015-01-09T00:21:00Z,1238.30100,1238.30100,1238.28700,1238.29500,35
2015-01-09T00:22:00Z,1238.29500,1238.83700,1238.29500,1238.83700,36
2015-01-09T00:23:00Z,1238.83700,1239.00200,1238.81200,1238.84400,31
2015-01-09T00:24:00Z,1238.87900,1239.00100,1238.78400,1238.78400,21
2015-01-09T00:25:00Z,1238.80100,1238.80700,1238.77500,1238.78200,5
2015-01-09T00:26:00Z,1238.78200,1238.78200,1238.72800,1238.76800,11
2015-01-09T00:27:00Z,1238.76800,1238.76800,1238.67900,1238.76600,9
2015-01-09T00:28:00Z,1238.76600,1239.02200,1238.76600,1239.00200,19
2015-01-09T00:29:00Z,1239.01700,1239.01700,1239.01100,1239.01300,11
2015-01-09T00:30:00Z,1239.01300,1239.06200,1238.99900,1239.06200,16
2015-01-09T00:31:00Z,1239.06900,1239.08300,1239.05600,1239.07900,5
2015-01-09T00:32:00Z,1239.10200,1239.22100,1239.10200,1239.22100,6
2015-01-09T00:33:00Z,1239.22100,1239.22100,1238.97900,1239.04200,14
2015-01-09T00:34:00Z,1239.04200,1239.04200,1239.02100,1239.02100,2
2015-01-09T00:35:00Z,1239.02100,1239.02100,1238.52200,1238.52200,19
2015-01-09T00:36:00Z,1238.47700,1238.62200,1238.47700,1238.57700,10
2015-01-09T00:37:00Z,1238.56600,1238.62200,1238.44200,1238.62200,18
2015-01-09T00:38:00Z,1238.58300,1238.74200,1238.57400,1238.74200,14
2015-01-09T00:39:00Z,1238.73900,1238.73900,1238.72200,1238.72200,7
2015-01-09T00:40:00Z,1238.70700,1238.70900,1238.70700,1238.70900,7
2015-01-09T00:41:00Z,1238.71900,1238.71900,1238.68300,1238.68300,29
2015-01-09T00:42:00Z,1238.68300,1238.68300,1238.54100,1238.62200,12
2015-01-09T00:43:00Z,1238.52300,1238.62100,1238.49800,1238.51300,8
2015-01-09T00:44:00Z,1238.51300,1238.62100,1238.50100,1238.62100,4
2015-01-09T00:45:00Z,1238.64200,1238.64200,1238.52200,1238.54100,14
2015-01-09T00:46:00Z,1238.53400,1238.64200,1238.52200,1238.62100,12
2015-01-09T00:47:00Z,1238.64100,1238.65100,1238.46400,1238.46400,9
2015-01-09T00:48:00Z,1238.57200,1238.57200,1238.52900,1238.54700,10
2015-01-09T00:49:00Z,1238.57200,1238.62500,1238.57200,1238.57700,10
2015-01-09T00:50:00Z,1238.59500,1238.62700,1238.54300,1238.62700,14
2015-01-09T00:51:00Z,1238.62900,1238.62900,1238.59000,1238.61600,5
2015-01-09T00:52:00Z,1238.61700,1238.71100,1238.61700,1238.68200,8
2015-01-09T00:53:00Z,1238.71200,1238.76100,1238.68400,1238.73100,9
2015-01-09T00:54:00Z,1238.72600,1238.73900,1238.72600,1238.73900,3
2015-01-09T00:55:00Z,1238.75300,1238.78100,1238.72600,1238.76000,21
2015-01-09T00:56:00Z,1238.76000,1238.77000,1238.68800,1238.72400,22
2015-01-09T00:57:00Z,1238.72400,1238.81400,1238.66800,1238.80000,13
2015-01-09T00:58:00Z,1238.78400,1238.84400,1238.77300,1238.78900,32
2015-01-09T00:59:00Z,1238.82300,1238.84400,1238.62900,1238.66800,30
2015-01-10T00:00:00Z,1233.68000,1234.03000,1233.60200,1233.87900,66
2015-01-10T00:01:00Z,1233.88000,1233.88000,1233.67900,1233.78000,42
2015-01-10T00:02:00Z,1233.77900,1234.08000,1233.77900,1234.07900,38
2015-01-10T00:03:00Z,1234.08000,1234.08000,1233.87900,1233.92900,28
2015-01-10T00:04:00Z,1233.93000,1234.13000,1233.92900,1234.07900,29
2015-01-10T00:05:00Z,1234.08000,1234.08000,1234.07900,1234.08000,29
2015-01-10T00:06:00Z,1234.07900,1234.28000,1234.02900,1234.27900,44
2015-01-10T00:07:00Z,1234.28000,1234.28000,1233.83000,1234.12900,63
2015-01-10T00:08:00Z,1234.13000,1234.13000,1234.12900,1234.12900,30
2015-01-10T00:09:00Z,1234.13000,1234.18000,1234.12900,1234.18000,29
2015-01-10T00:10:00Z,1234.17900,1234.34400,1234.17900,1234.34400,18
2015-01-10T00:11:00Z,1234.30800,1234.34800,1234.27300,1234.31900,21
2015-01-10T00:12:00Z,1234.33200,1234.37100,1234.17700,1234.26500,23
2015-01-10T00:13:00Z,1234.23900,1234.26600,1234.18500,1234.22900,17
2015-01-10T00:14:00Z,1234.22000,1234.24900,1234.22000,1234.24900,7
2015-01-10T00:15:00Z,1234.23800,1234.32800,1234.16800,1234.30300,24
2015-01-10T00:16:00Z,1234.31700,1234.31900,1234.28700,1234.31900,7
2015-01-10T00:17:00Z,1234.32000,1234.38600,1234.28700,1234.38600,7
2015-01-10T00:18:00Z,1234.36200,1234.37900,1234.24500,1234.27500,22
2015-01-10T00:19:00Z,1234.27800,1234.37500,1234.17700,1234.37500,32
2015-01-10T00:20:00Z,1234.36300,1234.36300,1234.25700,1234.25700,9
2015-01-10T00:21:00Z,1234.25300,1234.29200,1234.15200,1234.15200,13
2015-01-10T00:22:00Z,1234.14800,1234.35400,1234.14800,1234.33200,12
2015-01-10T00:23:00Z,1234.32100,1234.41600,1234.32100,1234.39200,13
2015-01-10T00:24:00Z,1234.41800,1234.41800,1234.35700,1234.35700,12
2015-01-10T00:25:00Z,1234.35400,1234.35800,1234.35400,1234.35800,2
2015-01-10T00:26:00Z,1234.34600,1234.38200,1234.34200,1234.34200,7
2015-01-10T00:27:00Z,1234.32500,1234.33600,1234.27200,1234.28300,14
2015-01-10T00:28:00Z,1234.30300,1234.36900,1234.18500,1234.32600,28
2015-01-10T00:29:00Z,1234.30700,1234.32700,1234.26100,1234.29700,11
2015-01-10T00:30:00Z,1234.28100,1234.37000,1234.28100,1234.35800,13
2015-01-10T00:31:00Z,1234.35600,1234.35700,1234.35600,1234.35700,2
2015-01-10T00:32:00Z,1234.34400,1234.38500,1234.27800,1234.38500,8
2015-01-10T00:33:00Z,1234.37500,1234.42700,1234.34200,1234.38000,10
2015-01-10T00:34:00Z,1234.39300,1234.43100,1234.22300,1234.22600,27
2015-01-10T00:35:00Z,1234.21500,1234.34300,1234.21500,1234.32300,24
2015-01-10T00:36:00Z,1234.33200,1234.33200,1234.21200,1234.21200,9
2015-01-10T00:37:00Z,1234.21200,1234.24000,1233.80300,1233.80300,22
2015-01-10T00:38:00Z,1233.80300,1233.88100,1233.77500,1233.80600,21
2015-01-10T00:39:00Z,1233.80600,1233.80700,1233.77800,1233.77800,27
2015-01-10T00:40:00Z,1233.79100,1233.80700,1233.77700,1233.77800,8
2015-01-10T00:41:00Z,1233.79200,1233.80600,1233.77700,1233.78600,7
2015-01-10T00:42:00Z,1233.78100,1233.80600,1233.78100,1233.80600,4
2015-01-10T00:43:00Z,1233.80600,1233.80600,1233.67900,1233.68000,9
2015-01-10T00:44:00Z,1233.67900,1233.77700,1233.62900,1233.76800,8
2015-01-10T00:45:00Z,1233.76800,1233.81800,1233.56700,1233.57800,12
2015-01-10T00:46:00Z,1233.51700,1233.61200,1233.50200,1233.50200,16
2015-01-10T00:47:00Z,1233.48000,1233.61300,1233.48000,1233.61300,12
2015-01-10T00:48:00Z,1233.63200,1233.69200,1233.53200,1233.64100,17
2015-01-10T00:49:00Z,1233.65500,1233.68300,1233.63800,1233.68300,9
2015-01-10T00:50:00Z,1233.71900,1233.72100,1233.65900,1233.70900,20
2015-01-10T00:51:00Z,1233.79700,1233.80200,1233.76200,1233.77700,9
2015-01-10T00:52:00Z,1233.77800,1233.81600,1233.72700,1233.79200,14
2015-01-10T00:53:00Z,1233.79300,1233.81300,1233.77200,1233.80000,4
2015-01-10T00:54:00Z,1233.80000,1233.81300,1233.78800,1233.81300,5
2015-01-10T00:55:00Z,1233.81300,1233.81300,1233.48600,1233.52800,20
2015-01-10T00:56:00Z,1233.56800,1233.70000,1233.56800,1233.66800,14
2015-01-10T00:57:00Z,1233.65600,1233.66800,1233.49300,1233.56000,28
2015-01-10T00:58:00Z,1233.57000,1233.58300,1233.52000,1233.54200,10
2015-01-10T00:59:00Z,1233.53900,1233.59200,1233.41800,1233.41800,18
2015-01-11T00:00:00Z,1219.35900,1219.81800,1219.30900,1219.81700,49
2015-01-11T00:01:00Z,1219.84100,1219.96600,1219.80200,1219.95700,36
2015-01-11T00:02:00Z,1219.95700,1219.95700,1219.84100,1219.84100,12
2015-01-11T00:03:00Z,1219.85600,1220.06500,1219.85600,1220.00700,9
2015-01-11T00:04:00Z,1220.01200,1220.11200,1220.01200,1220.11200,12
2015-01-11T00:05:00Z,1220.10000,1220.16200,1220.04400,1220.16200,17
2015-01-11T00:06:00Z,1220.16200,1220.16200,1220.11000,1220.11200,3
2015-01-11T00:07:00Z,1220.11200,1220.11200,1219.81200,1219.81200,17
2015-01-11T00:08:00Z,1219.86100,1219.86500,1219.77700,1219.77700,9
2015-01-11T00:09:00Z,1219.77700,1219.85300,1219.72700,1219.72700,12
2015-01-11T00:10:00Z,1219.81300,1219.81300,1219.81300,1219.81300,1
2015-01-11T00:11:00Z,1219.79300,1219.79300,1219.62800,1219.62800,13
2015-01-11T00:12:00Z,1219.62800,1219.77700,1219.61200,1219.72200,21
2015-01-11T00:13:00Z,1219.71800,1219.84700,1219.67700,1219.81200,17
2015-01-11T00:14:00Z,1219.81900,1219.81900,1219.76800,1219.76800,7
2015-01-11T00:15:00Z,1219.76800,1219.93400,1219.76200,1219.93400,6
2015-01-11T00:16:00Z,1219.91100,1219.93400,1219.87000,1219.87000,3
2015-01-11T00:17:00Z,1219.91100,1219.95700,1219.90800,1219.90800,5
2015-01-11T00:18:00Z,1219.90800,1219.90800,1219.83200,1219.85800,8
2015-01-11T00:19:00Z,1219.83700,1219.85700,1219.81800,1219.83900,8
2015-01-11T00:20:00Z,1219.84100,1219.94800,1219.84100,1219.88200,8
2015-01-11T00:21:00Z,1219.90800,1220.03200,1219.78200,1219.78200,15
2015-01-11T00:22:00Z,1219.78200,1220.13200,1219.78200,1220.05900,9
2015-01-11T00:23:00Z,1220.06800,1220.54600,1220.05800,1220.38900,52
2015-01-11T00:24:00Z,1220.40000,1220.41200,1219.84100,1219.94100,32
2015-01-11T00:25:00Z,1219.91200,1219.99100,1219.91200,1219.94100,5
2015-01-11T00:26:00Z,1220.04200,1220.06100,1219.81100,1219.81100,14
2015-01-11T00:27:00Z,1219.78100,1219.81100,1219.76100,1219.79100,10
2015-01-11T00:28:00Z,1219.79100,1220.29100,1219.79100,1220.04100,11
2015-01-11T00:29:00Z,1220.00800,1220.00800,1220.00800,1220.00800,1
2015-01-11T00:30:00Z,1220.09100,1220.09100,1219.89100,1219.89100,7
2015-01-11T00:31:00Z,1219.89100,1219.89100,1219.84200,1219.84200,2
2015-01-11T00:32:00Z,1219.83100,1219.83200,1219.79100,1219.79100,9
2015-01-11T00:33:00Z,1219.78200,1219.78200,1219.78200,1219.78200,2
2015-01-11T00:34:00Z,1219.78200,1219.89200,1219.78100,1219.89200,17
2015-01-11T00:35:00Z,1219.89200,1219.90400,1219.64100,1219.64100,12
2015-01-11T00:36:00Z,1219.60100,1219.76100,1219.60100,1219.76100,6
2015-01-11T00:37:00Z,1219.83800,1219.96100,1219.76200,1219.76200,9
2015-01-11T00:38:00Z,1219.81200,1219.81200,1219.66200,1219.69200,9
2015-01-11T00:39:00Z,1219.59100,1219.69200,1219.56100,1219.59200,8
2015-01-11T00:40:00Z,1219.49600,1219.83000,1219.49200,1219.81900,25
2015-01-11T00:41:00Z,1219.84200,1219.89000,1219.74900,1219.74900,37
2015-01-11T00:42:00Z,1219.70000,1219.70000,1219.58900,1219.62900,22
2015-01-11T00:43:00Z,1219.63000,1219.63000,1219.09100,1219.09100,45
2015-01-11T00:44:00Z,1219.14100,1219.18100,1219.12200,1219.16100,24
2015-01-11T00:45:00Z,1219.19100,1219.36100,1219.19100,1219.23200,33
2015-01-11T00:46:00Z,1219.19200,1219.19200,1219.07900,1219.07900,30
2015-01-11T00:47:00Z,1219.05100,1219.05100,1217.99200,1217.99200,75
2015-01-11T00:48:00Z,1217.94100,1218.34000,1217.94100,1218.14100,47
2015-01-11T00:49:00Z,1218.14100,1219.05100,1218.14100,1218.79100,50
2015-01-11T00:50:00Z,1218.79100,1218.99100,1218.24200,1218.80100,37
2015-01-11T00:51:00Z,1218.80100,1219.11100,1216.63000,1216.96900,89
2015-01-11T00:52:00Z,1217.04900,1217.17900,1216.49900,1216.98900,74
2015-01-11T00:53:00Z,1217.01900,1217.49100,1217.01900,1217.19100,46
2015-01-11T00:54:00Z,1217.19100,1217.44000,1217.19100,1217.25900,40
2015-01-11T00:55:00Z,1217.30000,1217.97200,1217.30000,1217.88000,65
2015-01-11T00:56:00Z,1218.20000,1218.57100,1218.20000,1218.28100,26
2015-01-11T00:57:00Z,1218.28100,1218.42900,1217.86100,1218.00100,41
2015-01-11T00:58:00Z,1218.00100,1218.64100,1218.00100,1218.64100,39
2015-01-11T00:59:00Z,1218.64100,1218.77100,1218.52100,1218.71100,9
2015-01-12T00:00:00Z,1223.18000,1223.58000,1222.97900,1223.57900,50
2015-01-12T00:01:00Z,1223.58000,1223.58000,1223.17900,1223.27900,60
2015-01-12T00:02:00Z,1223.28000,1223.33000,1223.17900,1223.27900,50
2015-01-12T00:03:00Z,1223.28000,1223.30100,1223.13000,1223.16200,43
2015-01-12T00:04:00Z,1223.16200,1223.37900,1223.08100,1223.37900,41
2015-01-12T00:05:00Z,1223.38000,1223.38000,1223.06100,1223.13000,40
2015-01-12T00:06:00Z,1223.12900,1223.23000,1223.12900,1223.17900,27
2015-01-12T00:07:00Z,1223.18000,1223.18000,1223.12900,1223.13000,17
2015-01-12T00:08:00Z,1223.13000,1223.16200,1223.06100,1223.12900,32
2015-01-12T00:09:00Z,1223.12900,1223.12900,1222.97900,1223.07900,25
2015-01-12T00:10:00Z,1223.08000,1223.30200,1223.08000,1223.26200,8
2015-01-12T00:11:00Z,1223.30000,1223.31500,1223.19600,1223.31500,12
2015-01-12T00:12:00Z,1223.17900,1223.17900,1223.17900,1223.17900,1
2015-01-12T00:13:00Z,1223.32400,1223.40000,1223.31400,1223.40000,9
2015-01-12T00:14:00Z,1223.45000,1223.56400,1223.39800,1223.48500,32
2015-01-12T00:15:00Z,1223.46400,1223.58900,1223.32600,1223.54700,20
2015-01-12T00:16:00Z,1223.52800,1223.52800,1223.41400,1223.50000,9
2015-01-12T00:17:00Z,1223.50000,1223.53400,1223.40000,1223.40000,15
2015-01-12T00:18:00Z,1223.37900,1223.90700,1223.37900,1223.90700,17
2015-01-12T00:19:00Z,1223.90200,1224.01600,1223.70700,1223.96000,36
2015-01-12T00:20:00Z,1223.95000,1223.95000,1223.75600,1223.84700,23
2015-01-12T00:21:00Z,1223.81600,1223.84700,1223.75600,1223.80000,22
2015-01-12T00:22:00Z,1223.80100,1223.81100,1223.75000,1223.81100,7
2015-01-12T00:23:00Z,1223.81100,1223.81100,1223.57400,1223.76500,20
2015-01-12T00:24:00Z,1223.68000,1223.68000,1223.67900,1223.68000,9
2015-01-12T00:25:00Z,1223.67900,1223.76900,1223.67900,1223.76800,21
2015-01-12T00:26:00Z,1223.73800,1223.76900,1223.71800,1223.76900,20
2015-01-12T00:27:00Z,1223.73900,1223.76800,1223.70800,1223.73900,13
2015-01-12T00:28:00Z,1223.75800,1223.76800,1223.75800,1223.76800,3
2015-01-12T00:29:00Z,1223.77800,1223.87800,1223.75800,1223.81800,16
2015-01-12T00:30:00Z,1223.79800,1223.79800,1223.79800,1223.79800,3
2015-01-12T00:31:00Z,1223.80900,1223.81900,1223.80900,1223.81900,3
2015-01-12T00:32:00Z,1223.81900,1223.81900,1223.77900,1223.79800,9
2015-01-12T00:33:00Z,1223.78800,1223.78800,1223.76800,1223.76800,2
2015-01-12T00:34:00Z,1223.67900,1223.79800,1223.67900,1223.75900,9
2015-01-12T00:35:00Z,1223.74800,1223.75800,1223.69800,1223.69800,10
2015-01-12T00:36:00Z,1223.68900,1223.79700,1223.63800,1223.63800,15
2015-01-12T00:37:00Z,1223.62700,1223.75800,1223.62700,1223.75100,10
2015-01-12T00:38:00Z,1223.72700,1223.72700,1223.69700,1223.69800,8
2015-01-12T00:39:00Z,1223.70700,1223.70700,1223.55100,1223.55100,12
2015-01-12T00:40:00Z,1223.55100,1223.57100,1223.55100,1223.55200,10
2015-01-12T00:41:00Z,1223.57200,1223.61700,1223.57200,1223.60700,4
2015-01-12T00:42:00Z,1223.60700,1223.60700,1223.49200,1223.50300,14
2015-01-12T00:43:00Z,1223.51800,1223.55800,1223.51800,1223.55800,2
2015-01-12T00:44:00Z,1223.56800,1223.71800,1223.56800,1223.61800,20
2015-01-12T00:45:00Z,1223.67900,1223.71900,1223.61800,1223.63300,12
2015-01-12T00:46:00Z,1223.58400,1223.66800,1223.56800,1223.66800,9
2015-01-12T00:47:00Z,1223.68900,1223.76800,1223.68900,1223.76800,5
2015-01-12T00:48:00Z,1223.80800,1223.81800,1223.80800,1223.81800,2
2015-01-12T00:49:00Z,1223.83100,1224.06800,1223.83100,1224.01800,14
2015-01-12T00:50:00Z,1224.03200,1224.03200,1223.96900,1224.00800,9
2015-01-12T00:51:00Z,1224.01800,1224.06800,1223.95800,1223.95800,9
2015-01-12T00:52:00Z,1223.94800,1224.01800,1223.90800,1224.01800,8
2015-01-12T00:53:00Z,1224.03100,1224.03100,1224.01400,1224.01400,6
2015-01-12T00:54:00Z,1224.01800,1224.09800,1224.00800,1224.01800,13
2015-01-12T00:55:00Z,1224.02700,1224.14700,1224.02700,1224.07400,12
2015-01-12T00:56:00Z,1224.06300,1224.10300,1223.90600,1223.90600,14
2015-01-12T00:57:00Z,1223.90600,1224.02600,1223.76500,1224.01800,12
2015-01-12T00:58:00Z,1224.05600,1224.06600,1224.04600,1224.05900,12
2015-01-12T00:59:00Z,1224.04900,1224.06600,1223.56600,1223.56600,34
2015-01-13T00:00:00Z,1228.52100,1228.69200,1228.32100,1228.62100,78
2015-01-13T00:01:00Z,1228.62100,1228.82100,1228.59100,1228.82100,47
2015-01-13T00:02:00Z,1228.82100,1228.82100,1228.62100,1228.72200,20
2015-01-13T00:03:00Z,1228.72200,1228.79200,1228.72100,1228.72100,23
2015-01-13T00:04:00Z,1228.72100,1228.72100,1228.69200,1228.72100,26
2015-01-13T00:05:00Z,1228.79200,1229.09200,1228.79200,1229.02200,46
2015-01-13T00:06:00Z,1229.02200,1229.29100,1229.02100,1229.20200,39
2015-01-13T00:07:00Z,1229.20200,1229.27200,1229.17100,1229.17100,34
2015-01-13T00:08:00Z,1229.17100,1229.27200,1229.17100,1229.27200,30
2015-01-13T00:09:00Z,1229.27200,1229.37100,1229.13200,1229.30100,20
2015-01-13T00:10:00Z,1229.30100,1229.47100,1229.30100,1229.47100,25
2015-01-13T00:11:00Z,1229.57100,1229.57200,1229.46100,1229.46100,29
2015-01-13T00:12:00Z,1229.48100,1229.56100,1229.46100,1229.46100,19
2015-01-13T00:13:00Z,1229.46100,1229.46100,1229.28100,1229.28100,15
2015-01-13T00:14:00Z,1229.28100,1229.28100,1229.08100,1229.08100,14
2015-01-13T00:15:00Z,1229.06100,1229.06100,1228.76100,1228.76100,22
2015-01-13T00:16:00Z,1228.76100,1228.86200,1228.76100,1228.86100,6
2015-01-13T00:17:00Z,1228.88200,1229.10200,1228.88200,1229.10200,13
2015-01-13T00:18:00Z,1229.10100,1229.10100,1229.10100,1229.10100,8
2015-01-13T00:19:00Z,1229.10100,1229.18200,1229.02100,1229.18200,12
2015-01-13T00:20:00Z,1229.18200,1229.18200,1229.07900,1229.08000,8
2015-01-13T00:21:00Z,1229.07900,1229.08000,1229.07900,1229.08000,13
2015-01-13T00:22:00Z,1229.07900,1229.26200,1229.07900,1229.26200,6
2015-01-13T00:23:00Z,1229.17900,1229.18200,1229.16100,1229.16200,11
2015-01-13T00:24:00Z,1229.16200,1229.16200,1229.08100,1229.08200,22
2015-01-13T00:25:00Z,1229.01900,1229.01900,1228.97900,1228.97900,3
2015-01-13T00:26:00Z,1228.98000,1229.08200,1228.97900,1229.08200,18
2015-01-13T00:27:00Z,1229.08200,1229.08200,1228.97900,1228.98000,6
2015-01-13T00:28:00Z,1229.06100,1229.28200,1229.06100,1229.06200,27
2015-01-13T00:29:00Z,1229.06200,1229.06200,1228.97900,1228.97900,10
2015-01-13T00:30:00Z,1228.97900,1229.08200,1228.51000,1229.06900,24
2015-01-13T00:31:00Z,1229.08100,1229.08100,1229.08100,1229.08100,1
2015-01-13T00:32:00Z,1228.98000,1229.18100,1228.97900,1229.16100,19
2015-01-13T00:33:00Z,1229.18200,1229.18200,1229.16100,1229.18200,4
2015-01-13T00:34:00Z,1229.18100,1229.36100,1229.18100,1229.28100,20
2015-01-13T00:35:00Z,1229.28100,1229.46100,1229.28100,1229.38200,18
2015-01-13T00:36:00Z,1229.38200,1229.46200,1228.98100,1228.99200,35
2015-01-13T00:37:00Z,1229.02100,1229.41200,1229.02100,1229.41200,18
2015-01-13T00:38:00Z,1229.41200,1229.47900,1229.29100,1229.43000,17
2015-01-13T00:39:00Z,1229.42900,1229.43000,1229.26800,1229.32900,11
2015-01-13T00:40:00Z,1229.33000,1229.33000,1229.32900,1229.32900,13
2015-01-13T00:41:00Z,1229.33000,1229.33000,1229.32900,1229.33000,9
2015-01-13T00:42:00Z,1229.32900,1229.39200,1229.28100,1229.39200,22
2015-01-13T00:43:00Z,1229.43000,1229.51100,1229.42900,1229.43000,29
2015-01-13T00:44:00Z,1229.41100,1229.48000,1229.22900,1229.22900,38
2015-01-13T00:45:00Z,1229.23000,1229.43000,1229.22900,1229.30200,23
2015-01-13T00:46:00Z,1229.27900,1229.30100,1229.17900,1229.18900,28
2015-01-13T00:47:00Z,1229.19000,1229.30000,1229.17900,1229.17900,15
2015-01-13T00:48:00Z,1229.23000,1229.25100,1229.12100,1229.15200,9
2015-01-13T00:49:00Z,1229.18000,1229.47900,1229.18000,1229.42900,28
2015-01-13T00:50:00Z,1229.43000,1229.58200,1229.42900,1229.42900,22
2015-01-13T00:51:00Z,1229.43000,1229.43000,1229.37200,1229.42900,16
2015-01-13T00:52:00Z,1229.43000,1229.45100,1229.42900,1229.45100,9
2015-01-13T00:53:00Z,1229.45100,1229.56100,1229.32900,1229.49200,49
2015-01-13T00:54:00Z,1229.49200,1229.49200,1229.06900,1229.07000,34
2015-01-13T00:55:00Z,1229.12900,1229.13000,1229.02900,1229.07900,14
2015-01-13T00:56:00Z,1229.05900,1229.13000,1229.03100,1229.12900,16
2015-01-13T00:57:00Z,1229.13000,1229.46100,1229.08100,1229.32900,28
2015-01-13T00:58:00Z,1229.28100,1229.28100,1229.00200,1229.22000,24
2015-01-13T00:59:00Z,1229.20100,1229.46100,1229.20100,1229.46100,10
2015-01-15T00:00:00Z,1227.92100,1228.83200,1227.24200,1228.59100,98
2015-01-15T00:01:00Z,1228.59100,1228.72100,1228.53100,1228.68200,29
2015-01-15T00:02:00Z,1228.68200,1228.68200,1228.32100,1228.46200,65
2015-01-15T00:03:00Z,1228.46200,1228.50200,1228.41100,1228.42100,38
2015-01-15T00:04:00Z,1228.42100,1228.42100,1227.89100,1228.19100,42
2015-01-15T00:05:00Z,1228.21900,1228.50100,1228.08200,1228.12200,27
2015-01-15T00:06:00Z,1228.24900,1229.13000,1228.24900,1229.04000,54
2015-01-15T00:07:00Z,1229.03900,1229.09000,1228.85900,1229.08900,44
2015-01-15T00:08:00Z,1229.09000,1229.36000,1229.03900,1229.36000,55
2015-01-15T00:09:00Z,1229.35900,1229.36000,1229.00900,1229.12900,42
2015-01-15T00:10:00Z,1229.13000,1229.13000,1228.89900,1229.02400,52
2015-01-15T00:11:00Z,1228.98500,1229.08600,1228.91100,1229.08600,36
2015-01-15T00:12:00Z,1229.06700,1229.18100,1229.04100,1229.08100,22
2015-01-15T00:13:00Z,1229.11700,1229.11700,1229.11000,1229.11000,2
2015-01-15T00:14:00Z,1229.12200,1229.12700,1228.86100,1228.90100,25
2015-01-15T00:15:00Z,1228.90100,1229.08100,1228.81100,1228.92200,33
2015-01-15T00:16:00Z,1228.91500,1228.93700,1228.88300,1228.88300,7
2015-01-15T00:17:00Z,1228.91200,1228.95300,1228.77100,1228.92700,13
2015-01-15T00:18:00Z,1228.92100,1228.98600,1228.63300,1228.70500,29
2015-01-15T00:19:00Z,1228.74500,1228.89500,1228.69300,1228.88400,25
2015-01-15T00:20:00Z,1228.88400,1228.88400,1228.63300,1228.63300,17
2015-01-15T00:21:00Z,1228.62700,1228.64900,1228.30000,1228.30000,22
2015-01-15T00:22:00Z,1228.40000,1228.62400,1228.40000,1228.60800,11
2015-01-15T00:23:00Z,1228.61900,1228.68900,1228.59400,1228.68900,9
2015-01-15T00:24:00Z,1228.65500,1228.67500,1228.63200,1228.63300,7
2015-01-15T00:25:00Z,1228.63200,1228.63200,1228.57300,1228.57800,7
2015-01-15T00:26:00Z,1228.54900,1228.64700,1228.46300,1228.64700,28
2015-01-15T00:27:00Z,1228.66500,1228.77000,1228.64000,1228.68400,39
2015-01-15T00:28:00Z,1228.68600,1228.74400,1228.42400,1228.42400,25
2015-01-15T00:29:00Z,1228.39100,1228.73100,1228.39100,1228.73100,22
2015-01-15T00:30:00Z,1228.73100,1228.73100,1228.25700,1228.46900,34
2015-01-15T00:31:00Z,1228.48400,1228.63600,1228.46700,1228.63600,10
2015-01-15T00:32:00Z,1228.66100,1229.18700,1228.61000,1228.61000,38
2015-01-15T00:33:00Z,1228.60100,1228.66100,1228.56500,1228.66100,22
2015-01-15T00:34:00Z,1228.77900,1228.83000,1228.58500,1228.58500,38
2015-01-15T00:35:00Z,1228.57200,1228.57200,1228.24500,1228.37400,25
2015-01-15T00:36:00Z,1228.39700,1228.39700,1228.22400,1228.22900,39
2015-01-15T00:37:00Z,1228.21200,1228.39000,1228.04300,1228.27200,38
2015-01-15T00:38:00Z,1228.27900,1228.45200,1228.27900,1228.32100,18
2015-01-15T00:39:00Z,1228.32100,1228.36100,1228.27200,1228.33100,11
2015-01-15T00:40:00Z,1228.33100,1228.33100,1228.10100,1228.19900,28
2015-01-15T00:41:00Z,1228.19900,1228.29800,1228.19900,1228.29800,7
2015-01-15T00:42:00Z,1228.24800,1228.34900,1228.24800,1228.34900,9
2015-01-15T00:43:00Z,1228.44900,1228.49800,1228.38900,1228.49800,14
2015-01-15T00:44:00Z,1228.49800,1228.49800,1228.29900,1228.29900,9
2015-01-15T00:45:00Z,1228.29900,1228.29900,1228.08800,1228.14900,18
2015-01-15T00:46:00Z,1228.16100,1228.24900,1228.15100,1228.19900,16
2015-01-15T00:47:00Z,1228.19900,1228.19900,1228.15200,1228.15200,4
2015-01-15T00:48:00Z,1228.16200,1228.19900,1228.16200,1228.19900,4
2015-01-15T00:49:00Z,1228.14900,1228.19900,1227.96900,1227.97100,29
2015-01-15T00:50:00Z,1227.97000,1228.14900,1227.97000,1228.14900,10
2015-01-15T00:51:00Z,1228.06100,1228.06100,1228.06100,1228.06100,3
2015-01-15T00:52:00Z,1228.08900,1228.29900,1228.08900,1228.29900,23
2015-01-15T00:53:00Z,1228.29900,1228.53900,1228.29900,1228.44800,26
2015-01-15T00:54:00Z,1228.44800,1228.65100,1228.44800,1228.65100,14
2015-01-15T00:55:00Z,1228.65100,1228.65100,1228.46100,1228.63100,36
2015-01-15T00:56:00Z,1228.63100,1228.63100,1228.59100,1228.62200,16
2015-01-15T00:57:00Z,1228.69100,1228.99100,1228.69100,1228.99100,13
2015-01-15T00:58:00Z,1229.02100,1229.09200,1228.92100,1229.07100,13
2015-01-15T00:59:00Z,1229.04800,1229.04800,1228.87100,1228.90200,18
2015-01-16T00:00:00Z,1229.81100,1230.96200,1229.81100,1230.83900,26
2015-01-16T00:01:00Z,1230.97900,1231.82100,1230.97900,1231.76100,37
2015-01-16T00:02:00Z,1231.86800,1232.22100,1231.86100,1231.86100,25
2015-01-16T00:03:00Z,1231.82100,1232.12100,1231.82100,1232.02100,26
2015-01-16T00:04:00Z,1231.96100,1231.96100,1231.76100,1231.92200,19
2015-01-16T00:05:00Z,1231.92200,1232.02200,1231.92200,1232.02200,3
2015-01-16T00:06:00Z,1232.02200,1232.12200,1232.02200,1232.12200,6
2015-01-16T00:07:00Z,1232.16100,1232.62100,1232.16100,1232.56100,15
2015-01-16T00:08:00Z,1232.72100,1233.03000,1232.36900,1232.82900,48
2015-01-16T00:09:00Z,1232.83000,1233.08000,1232.72900,1232.87900,47
2015-01-16T00:10:00Z,1232.88000,1232.88000,1232.22900,1232.42900,56
2015-01-16T00:11:00Z,1232.43000,1232.73000,1232.42900,1232.67900,41
2015-01-16T00:12:00Z,1232.68000,1233.08000,1232.66300,1232.72900,39
2015-01-16T00:13:00Z,1232.73000,1232.78000,1232.52900,1232.53000,46
2015-01-16T00:14:00Z,1232.52900,1232.53000,1232.42900,1232.43000,24
2015-01-16T00:15:00Z,1232.42900,1232.76100,1232.42900,1232.76100,18
2015-01-16T00:16:00Z,1232.63100,1232.63100,1232.62900,1232.62900,7
2015-01-16T00:17:00Z,1232.63000,1232.86200,1232.62900,1232.86200,20
2015-01-16T00:18:00Z,1232.82900,1232.96100,1232.78200,1232.88200,17
2015-01-16T00:19:00Z,1232.86200,1232.88100,1232.62900,1232.62900,20
2015-01-16T00:20:00Z,1232.63000,1232.63000,1232.59200,1232.62200,17
2015-01-16T00:21:00Z,1232.57900,1232.63000,1232.52900,1232.63000,23
2015-01-16T00:22:00Z,1232.62900,1232.63000,1232.62900,1232.62900,34
2015-01-16T00:23:00Z,1232.63000,1232.63000,1232.42900,1232.56200,36
2015-01-16T00:24:00Z,1232.48000,1232.48000,1232.48000,1232.48000,1
2015-01-16T00:25:00Z,1232.47900,1232.56000,1232.46100,1232.46100,8
2015-01-16T00:26:00Z,1232.46100,1232.46100,1232.27300,1232.27300,11
2015-01-16T00:27:00Z,1232.26200,1232.27600,1232.26200,1232.27600,4
2015-01-16T00:28:00Z,1232.27600,1232.38100,1232.24600,1232.36200,8
2015-01-16T00:29:00Z,1232.31300,1232.33100,1232.31300,1232.33100,15
2015-01-16T00:30:00Z,1232.36100,1232.51500,1232.36100,1232.51500,12
2015-01-16T00:31:00Z,1232.51100,1232.51600,1232.51100,1232.51500,18
2015-01-16T00:32:00Z,1232.51500,1232.51500,1232.36100,1232.36100,17
2015-01-16T00:33:00Z,1232.33400,1232.38100,1232.33400,1232.36200,10
2015-01-16T00:34:00Z,1232.29500,1232.41400,1232.29500,1232.41400,9
2015-01-16T00:35:00Z,1232.39000,1232.41300,1232.36500,1232.36500,7
2015-01-16T00:36:00Z,1232.36100,1232.36100,1232.26100,1232.26100,26
2015-01-16T00:37:00Z,1232.26100,1232.26100,1231.96200,1231.96200,35
2015-01-16T00:38:00Z,1231.96200,1232.18100,1231.86100,1232.11400,20
2015-01-16T00:39:00Z,1232.13900,1232.26200,1232.11200,1232.26200,18
2015-01-16T00:40:00Z,1232.26200,1232.26200,1231.96100,1231.96100,24
2015-01-16T00:41:00Z,1231.96100,1231.96100,1231.89700,1231.89700,28
2015-01-16T00:42:00Z,1231.86200,1231.86200,1231.70800,1231.76200,26
2015-01-16T00:43:00Z,1231.76200,1231.88100,1231.76200,1231.88100,14
2015-01-16T00:44:00Z,1231.86100,1231.86100,1231.66100,1231.78100,28
2015-01-16T00:45:00Z,1231.78100,1231.86200,1231.68100,1231.86200,12
2015-01-16T00:46:00Z,1231.86200,1231.86200,1231.77900,1231.77900,15
2015-01-16T00:47:00Z,1231.73000,1232.06100,1231.72900,1232.06100,28
2015-01-16T00:48:00Z,1232.06100,1232.06100,1231.98100,1231.98100,3
2015-01-16T00:49:00Z,1232.00100,1232.00100,1231.90100,1231.90100,20
2015-01-16T00:50:00Z,1231.87100,1231.87100,1231.87100,1231.87100,8
2015-01-16T00:51:00Z,1231.87100,1231.87100,1231.77900,1231.78000,28
2015-01-16T00:52:00Z,1231.77900,1231.97100,1231.77900,1231.97100,21
2015-01-16T00:53:00Z,1231.97100,1231.97100,1231.92900,1231.92900,16
2015-01-16T00:54:00Z,1231.93000,1231.93000,1231.87900,1231.87900,23
2015-01-16T00:55:00Z,1231.88000,1232.06100,1231.88000,1232.06100,7
2015-01-16T00:56:00Z,1232.00900,1232.00900,1231.96100,1231.96100,5
2015-01-16T00:57:00Z,1231.93100,1231.93100,1231.76100,1231.76100,15
2015-01-16T00:58:00Z,1231.74100,1231.88100,1231.73100,1231.88100,16
2015-01-16T00:59:00Z,1231.87200,1231.87300,1231.76200,1231.76200,5
2015-01-17T00:00:00Z,1208.99900,1209.22200,1208.90200,1208.90200,26
2015-01-17T00:01:00Z,1208.97000,1209.21100,1208.97000,1208.98000,42
2015-01-17T00:02:00Z,1208.97900,1209.08000,1208.97900,1209.07900,32
2015-01-17T00:03:00Z,1209.08000,1209.18000,1208.82900,1209.17900,44
2015-01-17T00:04:00Z,1209.18000,1209.18000,1208.89800,1208.97900,39
2015-01-17T00:05:00Z,1208.98000,1209.18000,1208.82900,1209.04000,54
2015-01-17T00:06:00Z,1208.99000,1209.13000,1208.97900,1209.12900,33
2015-01-17T00:07:00Z,1209.18000,1209.23000,1209.02900,1209.22900,39
2015-01-17T00:08:00Z,1209.20100,1209.34100,1209.20100,1209.28000,38
2015-01-17T00:09:00Z,1209.27900,1209.33000,1209.27900,1209.32900,17
2015-01-17T00:10:00Z,1209.27900,1209.32500,1209.27900,1209.32500,20
2015-01-17T00:11:00Z,1209.32100,1209.34200,1209.31000,1209.31000,5
2015-01-17T00:12:00Z,1209.28800,1209.28800,1209.23600,1209.27900,30
2015-01-17T00:13:00Z,1209.28000,1209.33800,1209.27900,1209.31800,33
2015-01-17T00:14:00Z,1209.31800,1209.31900,1209.29400,1209.31900,22
2015-01-17T00:15:00Z,1209.29200,1209.38200,1209.29000,1209.38200,25
2015-01-17T00:16:00Z,1209.38200,1209.38200,1209.27600,1209.30400,22
2015-01-17T00:17:00Z,1209.30400,1209.46200,1209.27900,1209.38200,43
2015-01-17T00:18:00Z,1209.46100,1209.56200,1209.38200,1209.56200,9
2015-01-17T00:19:00Z,1209.58100,1209.68200,1209.58100,1209.68100,24
2015-01-17T00:20:00Z,1209.66200,1209.66200,1209.56200,1209.56200,12
2015-01-17T00:21:00Z,1209.48100,1209.66100,1209.48100,1209.66100,10
2015-01-17T00:22:00Z,1209.58100,1209.58200,1209.58100,1209.58200,4
2015-01-17T00:23:00Z,1209.58200,1209.58200,1209.57800,1209.57800,3
2015-01-17T00:24:00Z,1209.58200,1209.58200,1209.58200,1209.58200,1
2015-01-17T00:25:00Z,1209.48000,1209.60200,1209.47900,1209.60100,4
2015-01-17T00:26:00Z,1209.60100,1209.60100,1209.60100,1209.60100,1
2015-01-17T00:27:00Z,1209.48000,1209.60200,1209.47900,1209.56700,8
2015-01-17T00:28:00Z,1209.57900,1209.59300,1209.56500,1209.57500,8
2015-01-17T00:29:00Z,1209.56300,1209.56300,1209.56300,1209.56300,1
2015-01-17T00:30:00Z,1209.47900,1209.57400,1209.47900,1209.57400,6
2015-01-17T00:31:00Z,1209.57400,1209.57400,1209.55200,1209.55900,5
2015-01-17T00:32:00Z,1209.56100,1209.57700,1209.56100,1209.57700,3
2015-01-17T00:33:00Z,1209.61100,1209.61100,1209.61100,1209.61100,20
2015-01-17T00:34:00Z,1209.61700,1209.62800,1209.60600,1209.60700,22
2015-01-17T00:35:00Z,1209.60700,1209.60700,1209.51300,1209.51300,19
2015-01-17T00:36:00Z,1209.51300,1209.51300,1209.26700,1209.28800,24
2015-01-17T00:37:00Z,1209.26200,1209.29200,1209.24300,1209.29200,4
2015-01-17T00:38:00Z,1209.28700,1209.29200,1209.28700,1209.28800,3
2015-01-17T00:39:00Z,1209.28700,1209.29200,1209.21100,1209.25200,9
2015-01-17T00:40:00Z,1209.31100,1209.41200,1209.23300,1209.41100,24
2015-01-17T00:41:00Z,1209.41100,1209.41100,1209.38000,1209.38000,3
2015-01-17T00:42:00Z,1209.38100,1209.41300,1209.23400,1209.25200,14
2015-01-17T00:43:00Z,1209.22500,1209.22800,1208.95500,1208.95500,17
2015-01-17T00:44:00Z,1208.95200,1208.95200,1208.56300,1208.56800,25
2015-01-17T00:45:00Z,1208.61100,1208.75700,1208.58700,1208.58700,20
2015-01-17T00:46:00Z,1208.56200,1208.72300,1208.54300,1208.71100,14
2015-01-17T00:47:00Z,1208.71200,1208.71200,1208.65000,1208.65200,11
2015-01-17T00:48:00Z,1208.64300,1208.64700,1208.53200,1208.53200,7
2015-01-17T00:49:00Z,1208.54700,1208.63600,1208.52000,1208.56100,21
2015-01-17T00:50:00Z,1208.56100,1208.58200,1208.56100,1208.58200,19
2015-01-17T00:51:00Z,1208.66100,1208.68800,1208.66100,1208.68200,7
2015-01-17T00:52:00Z,1208.68600,1208.88300,1208.68600,1208.86200,22
2015-01-17T00:53:00Z,1208.86200,1208.86200,1208.82700,1208.82700,4
2015-01-17T00:54:00Z,1208.88100,1208.96100,1208.78100,1208.78600,12
2015-01-17T00:55:00Z,1208.80100,1208.86200,1208.80100,1208.86200,2
2015-01-17T00:56:00Z,1208.88200,1208.88200,1208.78200,1208.88100,19
2015-01-17T00:57:00Z,1208.88100,1209.26200,1208.72200,1209.04300,45
2015-01-17T00:58:00Z,1209.08000,1209.20200,1209.08000,1209.20200,16
2015-01-17T00:59:00Z,1209.22100,1209.38200,1209.19800,1209.36200,24
2015-01-18T00:00:00Z,1212.31900,1212.62000,1211.86000,1212.61900,44
2015-01-18T00:01:00Z,1213.34200,1214.33900,1212.69900,1213.02900,57
2015-01-18T00:02:00Z,1213.20900,1213.30800,1212.72800,1212.96900,28
2015-01-18T00:03:00Z,1213.02900,1213.02900,1212.78800,1212.78800,41
2015-01-18T00:04:00Z,1212.83800,1213.18000,1212.42900,1212.58000,43
2015-01-18T00:05:00Z,1212.57900,1213.08000,1212.53000,1212.67900,56
2015-01-18T00:06:00Z,1212.68000,1212.88000,1212.67900,1212.67900,30
2015-01-18T00:07:00Z,1212.68000,1212.68000,1212.47900,1212.48000,27
2015-01-18T00:08:00Z,1212.47900,1212.48000,1212.37900,1212.37900,24
2015-01-18T00:09:00Z,1212.38000,1212.38000,1212.27900,1212.27900,35
2015-01-18T00:10:00Z,1212.28000,1212.44200,1212.07900,1212.34100,37
2015-01-18T00:11:00Z,1212.34100,1212.34100,1212.13400,1212.13400,33
2015-01-18T00:12:00Z,1212.14100,1212.23000,1212.14100,1212.23000,21
2015-01-18T00:13:00Z,1212.22900,1212.38000,1212.22900,1212.38000,27
2015-01-18T00:14:00Z,1212.37900,1212.38000,1212.18100,1212.27900,27
2015-01-18T00:15:00Z,1212.22900,1212.28100,1212.22900,1212.28100,10
2015-01-18T00:16:00Z,1212.30100,1212.40200,1212.30100,1212.38200,7
2015-01-18T00:17:00Z,1212.37900,1212.38000,1212.20200,1212.20200,7
2015-01-18T00:18:00Z,1212.28100,1212.38100,1212.28100,1212.28200,6
2015-01-18T00:19:00Z,1212.28000,1212.28000,1212.28000,1212.28000,1
2015-01-18T00:20:00Z,1212.27900,1212.28000,1212.08100,1212.08100,17
2015-01-18T00:21:00Z,1212.13000,1212.18100,1212.08100,1212.08100,8
2015-01-18T00:22:00Z,1212.00200,1212.18100,1212.00200,1212.18100,4
2015-01-18T00:23:00Z,1212.12900,1212.18100,1212.10200,1212.10200,4
2015-01-18T00:24:00Z,1212.08100,1212.08200,1211.98200,1211.98200,8
2015-01-18T00:25:00Z,1212.00100,1212.00100,1211.98200,1211.98200,2
2015-01-18T00:26:00Z,1212.00100,1212.00100,1211.98100,1211.98100,2
2015-01-18T00:27:00Z,1212.00200,1212.10200,1211.88100,1211.88100,18
2015-01-18T00:28:00Z,1211.87900,1211.88100,1211.47900,1211.57900,31
2015-01-18T00:29:00Z,1211.53000,1211.68000,1211.37900,1211.68000,47
2015-01-18T00:30:00Z,1211.70100,1212.28200,1211.70100,1212.28200,30
2015-01-18T00:31:00Z,1212.20200,1212.20200,1211.72900,1211.72900,27
2015-01-18T00:32:00Z,1211.67900,1211.68200,1211.57900,1211.60100,13
2015-01-18T00:33:00Z,1211.68200,1211.68200,1211.58100,1211.68100,6
2015-01-18T00:34:00Z,1211.70200,1211.78200,1211.68100,1211.68100,4
2015-01-18T00:35:00Z,1211.63000,1211.68100,1211.57900,1211.68100,16
2015-01-18T00:36:00Z,1211.70100,1212.08100,1211.68200,1212.00100,10
2015-01-18T00:37:00Z,1212.08100,1212.18100,1211.97900,1212.10100,33
2015-01-18T00:38:00Z,1212.13200,1212.21200,1212.13200,1212.21200,6
2015-01-18T00:39:00Z,1212.28100,1213.24100,1212.28100,1213.22100,58
2015-01-18T00:40:00Z,1213.22100,1213.22100,1213.08200,1213.08200,34
2015-01-18T00:41:00Z,1213.08200,1213.28200,1213.08200,1213.28100,15
2015-01-18T00:42:00Z,1213.28200,1213.58200,1213.28200,1213.58200,13
2015-01-18T00:43:00Z,1213.60200,1213.88100,1213.38100,1213.80100,36
2015-01-18T00:44:00Z,1213.83100,1214.03100,1213.42600,1213.42600,72
2015-01-18T00:45:00Z,1213.38600,1213.63100,1213.34600,1213.63100,29
2015-01-18T00:46:00Z,1213.68100,1213.69000,1213.68100,1213.69000,2
2015-01-18T00:47:00Z,1213.69000,1213.99000,1213.68000,1213.99000,31
2015-01-18T00:48:00Z,1214.04500,1214.08100,1213.92100,1213.92100,11
2015-01-18T00:49:00Z,1213.98100,1214.05000,1213.80000,1213.80200,20
2015-01-18T00:50:00Z,1213.80200,1213.88100,1213.68200,1213.78100,24
2015-01-18T00:51:00Z,1213.80100,1213.83100,1213.80100,1213.82000,5
2015-01-18T00:52:00Z,1213.80500,1213.80500,1213.73000,1213.74100,18
2015-01-18T00:53:00Z,1213.78200,1213.98100,1213.71000,1213.87000,14
2015-01-18T00:54:00Z,1213.85000,1213.88100,1213.85000,1213.88100,2
2015-01-18T00:55:00Z,1213.86000,1213.86000,1213.80000,1213.80000,7
2015-01-18T00:56:00Z,1213.80000,1213.80000,1213.33000,1213.33000,30
2015-01-18T00:57:00Z,1213.33000,1213.42000,1213.22600,1213.35000,37
2015-01-18T00:58:00Z,1213.40100,1213.58600,1213.40100,1213.58600,18
2015-01-18T00:59:00Z,1213.60100,1213.64100,1213.03000,1213.05500,57
2015-01-19T00:00:00Z,1207.32100,1207.53000,1206.92900,1207.28000,46
2015-01-19T00:01:00Z,1207.27900,1207.38000,1206.98900,1207.02900,35
2015-01-19T00:02:00Z,1207.03000,1207.33000,1206.98000,1207.32900,37
2015-01-19T00:03:00Z,1207.33000,1207.38000,1207.32900,1207.32900,30
2015-01-19T00:04:00Z,1207.26100,1207.40100,1207.17900,1207.38000,39
2015-01-19T00:05:00Z,1207.37900,1207.38000,1207.32900,1207.33000,33
2015-01-19T00:06:00Z,1207.32900,1207.48000,1207.32900,1207.47900,40
2015-01-19T00:07:00Z,1207.48000,1207.53000,1207.44200,1207.53000,32
2015-01-19T00:08:00Z,1207.52900,1207.73000,1207.47900,1207.52900,37
2015-01-19T00:09:00Z,1207.53000,1207.64200,1207.52900,1207.64200,34
2015-01-19T00:10:00Z,1207.64200,1208.03000,1207.64200,1208.02900,42
2015-01-19T00:11:00Z,1208.03000,1208.23000,1207.94100,1208.17900,37
2015-01-19T00:12:00Z,1208.18000,1208.33000,1208.07900,1208.32900,36
2015-01-19T00:13:00Z,1208.42900,1208.43000,1208.07900,1208.11100,26
2015-01-19T00:14:00Z,1208.11100,1208.34100,1208.11100,1208.15300,52
2015-01-19T00:15:00Z,1208.12900,1208.12900,1207.57800,1207.94100,54
2015-01-19T00:16:00Z,1207.94100,1208.13000,1207.94100,1208.13000,28
2015-01-19T00:17:00Z,1208.12900,1208.19100,1208.12900,1208.19100,27
2015-01-19T00:18:00Z,1208.19100,1208.29100,1208.12100,1208.12100,36
2015-01-19T00:19:00Z,1208.19100,1208.42200,1208.19100,1208.42200,18
2015-01-19T00:20:00Z,1208.42200,1208.79200,1208.42100,1208.64100,44
2015-01-19T00:21:00Z,1208.64100,1208.72100,1208.52100,1208.52200,27
2015-01-19T00:22:00Z,1208.52200,1208.52200,1208.44500,1208.44500,40
2015-01-19T00:23:00Z,1208.44500,1208.62200,1208.22100,1208.22200,38
2015-01-19T00:24:00Z,1208.19100,1208.33000,1207.92900,1208.17300,48
2015-01-19T00:25:00Z,1208.17300,1208.32200,1208.17300,1208.32200,38
2015-01-19T00:26:00Z,1208.32200,1208.39100,1208.32200,1208.39100,22
2015-01-19T00:27:00Z,1208.39100,1208.42100,1208.27900,1208.42100,14
2015-01-19T00:28:00Z,1208.30900,1208.42100,1208.30000,1208.42100,4
2015-01-19T00:29:00Z,1208.39200,1208.42200,1208.02200,1208.02200,12
2015-01-19T00:30:00Z,1207.99100,1208.02200,1207.99100,1208.02100,3
2015-01-19T00:31:00Z,1207.99100,1207.99100,1207.89100,1207.89100,2
2015-01-19T00:32:00Z,1207.82100,1207.82100,1207.62100,1207.62100,8
2015-01-19T00:33:00Z,1207.69200,1207.82100,1207.69200,1207.82100,5
2015-01-19T00:34:00Z,1207.89200,1207.99200,1207.89200,1207.99200,3
2015-01-19T00:35:00Z,1207.92100,1207.92100,1207.79200,1207.79200,5
2015-01-19T00:36:00Z,1207.82200,1207.88500,1207.79200,1207.86300,19
2015-01-19T00:37:00Z,1207.83500,1207.89100,1207.79100,1207.89100,6
2015-01-19T00:38:00Z,1208.09100,1208.39100,1208.09100,1208.39100,10
2015-01-19T00:39:00Z,1208.37100,1208.42200,1208.29200,1208.42200,29
2015-01-19T00:40:00Z,1208.49100,1208.52200,1208.42100,1208.52200,20
2015-01-19T00:41:00Z,1208.52200,1208.52200,1208.29200,1208.29200,19
2015-01-19T00:42:00Z,1208.29200,1208.39200,1208.29200,1208.39200,16
2015-01-19T00:43:00Z,1208.39200,1208.42200,1208.39100,1208.39100,23
2015-01-19T00:44:00Z,1208.39100,1208.39200,1208.29100,1208.39200,36
2015-01-19T00:45:00Z,1208.39200,1208.39200,1208.33000,1208.33000,22
2015-01-19T00:46:00Z,1208.32900,1208.59200,1208.29100,1208.59200,39
2015-01-19T00:47:00Z,1208.55200,1208.69100,1208.52500,1208.62100,23
2015-01-19T00:48:00Z,1208.62100,1208.79200,1208.62100,1208.62100,36
2015-01-19T00:49:00Z,1208.62100,1208.79100,1208.62100,1208.72200,21
2015-01-19T00:50:00Z,1208.72200,1208.79200,1208.71200,1208.79200,21
2015-01-19T00:51:00Z,1208.79200,1208.79200,1208.79200,1208.79200,15
2015-01-19T00:52:00Z,1208.71000,1208.74800,1208.71000,1208.74800,23
2015-01-19T00:53:00Z,1208.74800,1208.74800,1208.62100,1208.62100,30
2015-01-19T00:54:00Z,1208.62100,1208.62100,1208.59100,1208.59100,30
2015-01-19T00:55:00Z,1208.58400,1208.58400,1208.49200,1208.49200,23
2015-01-19T00:56:00Z,1208.49200,1208.62200,1208.49200,1208.62200,21
2015-01-19T00:57:00Z,1208.63500,1208.69100,1208.63500,1208.69100,14
2015-01-19T00:58:00Z,1208.69100,1208.79100,1208.65800,1208.79100,33
2015-01-19T00:59:00Z,1208.79100,1209.06100,1208.72100,1208.79200,41
2015-01-20T00:00:00Z,1200.78800,1201.62800,1200.71900,1201.62800,64
2015-01-20T00:01:00Z,1201.57800,1201.68000,1201.32900,1201.36900,43
2015-01-20T00:02:00Z,1201.32900,1201.33000,1201.07900,1201.20900,31
2015-01-20T00:03:00Z,1201.21000,1201.21000,1201.06900,1201.15900,23
2015-01-20T00:04:00Z,1201.18000,1201.25000,1200.97900,1201.05000,38
2015-01-20T00:05:00Z,1201.03100,1201.20000,1200.97900,1201.20000,22
2015-01-20T00:06:00Z,1201.06900,1201.06900,1200.87900,1200.93100,27
2015-01-20T00:07:00Z,1200.98000,1200.98000,1200.87900,1200.87900,27
2015-01-20T00:08:00Z,1200.88000,1200.98000,1200.77900,1200.93100,12
2015-01-20T00:09:00Z,1200.88000,1200.89900,1200.73000,1200.83100,26
2015-01-20T00:10:00Z,1200.89900,1200.98000,1200.80900,1200.93900,42
2015-01-20T00:11:00Z,1200.98000,1201.23200,1200.97900,1201.18000,29
2015-01-20T00:12:00Z,1201.17900,1201.33100,1201.17900,1201.23900,27
2015-01-20T00:13:00Z,1201.24000,1201.28000,1200.29100,1200.37900,60
2015-01-20T00:14:00Z,1200.38000,1200.49000,1200.36100,1200.45100,32
2015-01-20T00:15:00Z,1200.45100,1200.72200,1200.41100,1200.72200,18
2015-01-20T00:16:00Z,1200.69200,1200.69200,1200.69200,1200.69200,4
2015-01-20T00:17:00Z,1200.69200,1200.69200,1200.63100,1200.68200,5
2015-01-20T00:18:00Z,1200.74100,1200.74100,1200.67900,1200.67900,4
2015-01-20T00:19:00Z,1200.68000,1200.68000,1200.55900,1200.59900,20
2015-01-20T00:20:00Z,1200.63900,1200.94100,1200.59900,1200.91900,28
2015-01-20T00:21:00Z,1200.92000,1201.33200,1200.84200,1201.33200,18
2015-01-20T00:22:00Z,1201.38200,1201.59100,1201.38200,1201.55100,11
2015-01-20T00:23:00Z,1201.60100,1202.06200,1201.60100,1202.06200,15
2015-01-20T00:24:00Z,1202.07100,1202.13200,1202.03200,1202.13100,11
2015-01-20T00:25:00Z,1202.23100,1202.79000,1202.13100,1202.54000,60
2015-01-20T00:26:00Z,1202.53900,1202.53900,1201.89900,1201.89900,28
2015-01-20T00:27:00Z,1201.90000,1202.20100,1201.90000,1202.02900,26
2015-01-20T00:28:00Z,1202.03000,1202.43200,1202.03000,1202.07100,25
2015-01-20T00:29:00Z,1202.07100,1202.07100,1201.73200,1201.97900,28
2015-01-20T00:30:00Z,1201.98000,1202.04200,1201.97900,1201.98000,17
2015-01-20T00:31:00Z,1201.97900,1201.98000,1201.92900,1201.92900,7
2015-01-20T00:32:00Z,1201.93000,1202.13100,1201.69900,1202.13100,31
2015-01-20T00:33:00Z,1202.13100,1202.47100,1202.08200,1202.47100,13
2015-01-20T00:34:00Z,1202.47100,1202.65000,1202.45900,1202.65000,19
2015-01-20T00:35:00Z,1202.64900,1202.65000,1202.52000,1202.59100,16
2015-01-20T00:36:00Z,1202.60000,1202.74900,1202.59900,1202.69200,20
2015-01-20T00:37:00Z,1202.67100,1202.67100,1202.19100,1202.21900,29
2015-01-20T00:38:00Z,1202.26000,1202.46200,1202.17900,1202.35200,23
2015-01-20T00:39:00Z,1202.35200,1202.47100,1202.35100,1202.35100,7
2015-01-20T00:40:00Z,1202.35100,1202.43200,1202.32100,1202.43200,36
2015-01-20T00:41:00Z,1202.43200,1202.56100,1202.43200,1202.56100,5
2015-01-20T00:42:00Z,1202.56100,1202.62100,1201.77200,1202.12900,63
2015-01-20T00:43:00Z,1202.13200,1202.39200,1201.90100,1201.90100,98
2015-01-20T00:44:00Z,1201.90100,1202.02000,1201.58900,1201.94000,60
2015-01-20T00:45:00Z,1201.91100,1202.09100,1201.81200,1202.09100,20
2015-01-20T00:46:00Z,1202.06000,1202.36100,1201.96100,1202.29100,38
2015-01-20T00:47:00Z,1202.29200,1202.68000,1202.29200,1202.57900,22
2015-01-20T00:48:00Z,1202.58000,1202.70900,1202.17900,1202.35900,35
2015-01-20T00:49:00Z,1202.38000,1202.38000,1201.98000,1202.07900,44
2015-01-20T00:50:00Z,1202.08000,1202.10100,1201.93100,1202.07900,26
2015-01-20T00:51:00Z,1202.08000,1202.20200,1202.07900,1202.20200,13
2015-01-20T00:52:00Z,1202.20200,1202.20200,1201.84900,1201.88000,18
2015-01-20T00:53:00Z,1201.87900,1202.09900,1201.57900,1201.57900,47
2015-01-20T00:54:00Z,1201.58000,1201.82900,1201.58000,1201.69900,34
2015-01-20T00:55:00Z,1201.70000,1201.98000,1201.69900,1201.97900,18
2015-01-20T00:56:00Z,1201.98000,1201.98000,1201.97900,1201.97900,12
2015-01-20T00:57:00Z,1201.98000,1202.05200,1201.97900,1202.05200,9
2015-01-20T00:58:00Z,1202.05200,1202.05200,1201.89100,1201.89100,7
2015-01-20T00:59:00Z,1201.95000,1201.95200,1201.58200,1201.58200,4
2015-01-22T00:00:00Z,1203.37000,1203.54100,1202.79200,1202.91200,81
2015-01-22T00:01:00Z,1202.96100,1203.48100,1202.75200,1202.87200,74
2015-01-22T00:02:00Z,1202.87200,1202.96000,1202.46000,1202.46000,66
2015-01-22T00:03:00Z,1202.45900,1202.53000,1202.37900,1202.37900,33
2015-01-22T00:04:00Z,1202.38000,1202.98000,1202.27900,1202.97900,55
2015-01-22T00:05:00Z,1202.98000,1202.98000,1202.54900,1202.72100,52
2015-01-22T00:06:00Z,1202.76900,1202.77000,1202.59100,1202.59100,11
2015-01-22T00:07:00Z,1202.59100,1202.59100,1202.46200,1202.58100,16
2015-01-22T00:08:00Z,1202.58200,1202.67100,1202.58200,1202.67100,22
2015-01-22T00:09:00Z,1202.67100,1202.67100,1202.45900,1202.54100,18
2015-01-22T00:10:00Z,1202.54100,1202.54100,1202.33900,1202.42000,37
2015-01-22T00:11:00Z,1202.40100,1202.40100,1201.70900,1201.79900,84
2015-01-22T00:12:00Z,1201.80900,1201.80900,1201.30100,1201.30100,87
2015-01-22T00:13:00Z,1201.30100,1201.67100,1201.30100,1201.67100,72
2015-01-22T00:14:00Z,1201.67200,1202.00100,1201.67200,1201.73100,48
2015-01-22T00:15:00Z,1201.73100,1201.88100,1201.65900,1201.66000,41
2015-01-22T00:16:00Z,1201.65900,1201.66000,1201.48900,1201.49000,39
2015-01-22T00:17:00Z,1201.48900,1201.49000,1201.16900,1201.17000,29
2015-01-22T00:18:00Z,1201.12500,1201.35200,1200.81100,1201.02100,52
2015-01-22T00:19:00Z,1201.02100,1201.13100,1200.89200,1201.04100,48
2015-01-22T00:20:00Z,1201.04100,1201.40100,1200.89100,1201.40100,44
2015-01-22T00:21:00Z,1201.41000,1201.54100,1201.41000,1201.53100,17
2015-01-22T00:22:00Z,1201.53100,1201.61100,1201.40900,1201.55900,21
2015-01-22T00:23:00Z,1201.56000,1201.57000,1201.42900,1201.47900,39
2015-01-22T00:24:00Z,1201.55900,1201.86200,1201.46100,1201.79200,53
2015-01-22T00:25:00Z,1201.79200,1202.31100,1201.75100,1202.04200,44
2015-01-22T00:26:00Z,1202.08200,1202.12100,1201.95100,1201.95100,26
2015-01-22T00:27:00Z,1201.95100,1201.98200,1201.67100,1201.67100,22
2015-01-22T00:28:00Z,1201.60900,1201.75100,1201.60900,1201.74900,18
2015-01-22T00:29:00Z,1201.75000,1201.93500,1201.74900,1201.89900,24
2015-01-22T00:30:00Z,1201.90100,1202.30700,1201.90100,1202.29900,28
2015-01-22T00:31:00Z,1202.30000,1202.30000,1201.92900,1201.92900,18
2015-01-22T00:32:00Z,1201.95000,1202.25700,1201.94900,1202.20300,36
2015-01-22T00:33:00Z,1202.24000,1202.29500,1202.14100,1202.29500,20
2015-01-22T00:34:00Z,1202.32100,1202.46200,1202.20200,1202.20200,20
2015-01-22T00:35:00Z,1202.23200,1202.23200,1202.19200,1202.19200,28
2015-01-22T00:36:00Z,1202.19200,1202.19200,1202.14800,1202.16400,6
2015-01-22T00:37:00Z,1202.14300,1202.15100,1201.96100,1202.10300,36
2015-01-22T00:38:00Z,1202.11900,1202.41800,1202.06800,1202.40700,37
2015-01-22T00:39:00Z,1202.42500,1202.42500,1202.36800,1202.40900,16
2015-01-22T00:40:00Z,1202.41100,1202.58200,1202.41100,1202.58200,17
2015-01-22T00:41:00Z,1202.59400,1202.76200,1202.59400,1202.72100,20
2015-01-22T00:42:00Z,1202.72200,1202.86700,1202.63700,1202.63700,42
2015-01-22T00:43:00Z,1202.66100,1202.68400,1202.56300,1202.57400,39
2015-01-22T00:44:00Z,1202.62000,1202.62000,1202.47100,1202.47100,21
2015-01-22T00:45:00Z,1202.49900,1202.58500,1202.45100,1202.58500,19
2015-01-22T00:46:00Z,1202.58500,1203.00000,1202.40900,1202.78100,35
2015-01-22T00:47:00Z,1202.83100,1202.93700,1202.74200,1202.88100,36
2015-01-22T00:48:00Z,1202.85100,1202.85100,1202.64800,1202.65400,30
2015-01-22T00:49:00Z,1202.65400,1202.65400,1202.54900,1202.54900,17
2015-01-22T00:50:00Z,1202.54900,1202.71100,1202.54900,1202.71100,13
2015-01-22T00:51:00Z,1202.69600,1202.87600,1202.69600,1202.71700,22
2015-01-22T00:52:00Z,1202.73400,1202.76900,1202.36200,1202.36200,20
2015-01-22T00:53:00Z,1202.36200,1202.36200,1202.13200,1202.34100,22
2015-01-22T00:54:00Z,1202.31900,1202.44300,1202.29100,1202.43900,21
2015-01-22T00:55:00Z,1202.44000,1202.53000,1202.43900,1202.52900,37
2015-01-22T00:56:00Z,1202.53000,1202.59100,1202.52900,1202.59100,17
2015-01-22T00:57:00Z,1202.59100,1202.75100,1202.59100,1202.62100,15
2015-01-22T00:58:00Z,1202.58200,1202.72500,1202.58200,1202.61900,16
2015-01-22T00:59:00Z,1202.60300,1202.60300,1202.18900,1202.29800,69
2015-01-23T00:00:00Z,1201.98000,1202.08000,1201.86900,1201.97900,46
2015-01-23T00:01:00Z,1201.97900,1202.18000,1201.97900,1202.02900,36
2015-01-23T00:02:00Z,1202.03000,1202.03000,1201.97900,1201.98000,20
2015-01-23T00:03:00Z,1201.97900,1202.13000,1201.97900,1202.08000,27
2015-01-23T00:04:00Z,1202.07900,1202.28000,1202.07900,1202.28000,42
2015-01-23T00:05:00Z,1202.27900,1202.28000,1202.27900,1202.28000,25
2015-01-23T00:06:00Z,1202.27900,1202.37900,1202.17900,1202.28000,34
2015-01-23T00:07:00Z,1202.27900,1202.38000,1202.07900,1202.07900,37
2015-01-23T00:08:00Z,1202.08000,1202.28000,1202.07900,1202.27900,21
2015-01-23T00:09:00Z,1202.28000,1202.28000,1202.27900,1202.27900,21
2015-01-23T00:10:00Z,1202.28200,1202.58200,1202.28200,1202.58000,44
2015-01-23T00:11:00Z,1202.57900,1202.63000,1202.55700,1202.57400,14
2015-01-23T00:12:00Z,1202.55800,1202.61600,1202.41300,1202.61600,14
2015-01-23T00:13:00Z,1202.59500,1202.70600,1202.57400,1202.68800,11
2015-01-23T00:14:00Z,1202.70600,1202.92100,1202.70600,1202.78100,17
2015-01-23T00:15:00Z,1202.75600,1202.82100,1202.56800,1202.76200,23
2015-01-23T00:16:00Z,1202.75300,1202.75300,1202.74400,1202.74700,3
2015-01-23T00:17:00Z,1202.74900,1202.74900,1202.74800,1202.74900,3
2015-01-23T00:18:00Z,1202.76700,1202.76700,1202.76700,1202.76700,1
2015-01-23T00:19:00Z,1202.68000,1202.88300,1202.67900,1202.84400,10
2015-01-23T00:20:00Z,1202.92100,1203.02200,1202.84100,1202.95200,20
2015-01-23T00:21:00Z,1202.94300,1202.96200,1202.84200,1202.84200,10
2015-01-23T00:22:00Z,1202.86100,1203.02100,1202.86100,1203.02100,9
2015-01-23T00:23:00Z,1203.02100,1203.02100,1202.74600,1202.74600,7
2015-01-23T00:24:00Z,1202.76000,1202.76000,1202.75700,1202.75900,3
2015-01-23T00:25:00Z,1202.76100,1202.77000,1202.72100,1202.72100,6
2015-01-23T00:26:00Z,1202.72100,1202.82100,1202.72100,1202.82100,9
2015-01-23T00:27:00Z,1202.82100,1202.82100,1202.81000,1202.81000,5
2015-01-23T00:28:00Z,1202.82200,1203.02100,1202.80000,1203.02100,9
2015-01-23T00:29:00Z,1203.02100,1203.04300,1202.92200,1202.94700,17
2015-01-23T00:30:00Z,1202.97200,1203.02200,1202.94800,1203.02100,8
2015-01-23T00:31:00Z,1203.02100,1203.02100,1202.97600,1202.97600,5
2015-01-23T00:32:00Z,1202.98000,1202.98000,1202.98000,1202.98000,1
2015-01-23T00:33:00Z,1202.93000,1203.12200,1202.92900,1203.12200,17
2015-01-23T00:34:00Z,1203.08100,1203.25400,1203.06600,1203.25400,15
2015-01-23T00:35:00Z,1203.24100,1203.42100,1203.14100,1203.14100,17
2015-01-23T00:36:00Z,1203.14100,1203.14100,1202.96600,1203.05900,29
2015-01-23T00:37:00Z,1203.04100,1203.06300,1203.02100,1203.04400,16
2015-01-23T00:38:00Z,1203.04400,1203.05200,1202.99400,1203.05200,11
2015-01-23T00:39:00Z,1203.05500,1203.05500,1202.95500,1203.02100,7
2015-01-23T00:40:00Z,1203.02100,1203.12500,1202.93100,1203.07700,29
2015-01-23T00:41:00Z,1203.07300,1203.07900,1203.07200,1203.07900,4
2015-01-23T00:42:00Z,1203.12100,1203.13200,1202.98100,1202.98100,14
2015-01-23T00:43:00Z,1203.01200,1203.23100,1203.01200,1203.07800,19
2015-01-23T00:44:00Z,1203.07900,1203.22100,1203.07900,1203.22100,10
2015-01-23T00:45:00Z,1203.22100,1203.22100,1203.15100,1203.22100,8
2015-01-23T00:46:00Z,1203.22100,1203.22100,1203.16000,1203.22100,7
2015-01-23T00:47:00Z,1203.21000,1203.21600,1203.21000,1203.21100,3
2015-01-23T00:48:00Z,1203.18200,1203.18600,1203.18200,1203.18600,3
2015-01-23T00:49:00Z,1203.18300,1203.23200,1203.12100,1203.16100,15
2015-01-23T00:50:00Z,1203.15000,1203.15000,1203.12200,1203.12200,5
2015-01-23T00:51:00Z,1203.12200,1203.12200,1203.02200,1203.02200,8
2015-01-23T00:52:00Z,1203.02200,1203.02200,1202.92200,1202.92200,5
2015-01-23T00:53:00Z,1202.88600,1202.92100,1202.83600,1202.83600,9
2015-01-23T00:54:00Z,1202.82100,1202.83100,1202.79700,1202.83100,7
2015-01-23T00:55:00Z,1202.81200,1202.81200,1202.77700,1202.77700,4
2015-01-23T00:56:00Z,1202.76800,1202.79300,1202.76700,1202.79300,3
2015-01-23T00:57:00Z,1202.82100,1202.92100,1202.82100,1202.92100,9
2015-01-23T00:58:00Z,1202.92100,1202.92700,1202.92100,1202.92700,9
2015-01-23T00:59:00Z,1202.92700,1203.08400,1202.90000,1203.03600,19
2015-01-24T00:00:00Z,1200.88000,1201.08900,1200.82900,1201.04900,18
2015-01-24T00:01:00Z,1201.09000,1201.28000,1201.09000,1201.27900,24
2015-01-24T00:02:00Z,1201.22900,1201.48000,1201.22900,1201.48000,32
2015-01-24T00:03:00Z,1201.42900,1201.42900,1201.27900,1201.28000,18
2015-01-24T00:04:00Z,1201.27900,1201.43000,1201.27900,1201.27900,16
2015-01-24T00:05:00Z,1201.28000,1201.28000,1201.17900,1201.17900,15
2015-01-24T00:06:00Z,1201.18000,1201.28000,1201.17900,1201.22900,16
2015-01-24T00:07:00Z,1201.22900,1201.28000,1201.17900,1201.23000,41
2015-01-24T00:08:00Z,1201.22900,1201.38000,1201.22900,1201.37900,30
2015-01-24T00:09:00Z,1201.32900,1201.58000,1201.28000,1201.38000,49
2015-01-24T00:10:00Z,1201.37900,1201.48000,1201.27100,1201.32900,44
2015-01-24T00:11:00Z,1201.33000,1201.58000,1201.32900,1201.58000,39
2015-01-24T00:12:00Z,1201.57900,1201.63000,1201.57900,1201.62900,32
2015-01-24T00:13:00Z,1201.52700,1201.53000,1201.47300,1201.52900,23
2015-01-24T00:14:00Z,1201.57900,1201.58000,1201.52900,1201.57900,40
2015-01-24T00:15:00Z,1201.55900,1201.68000,1201.55900,1201.68000,35
2015-01-24T00:16:00Z,1201.64100,1201.68000,1201.57900,1201.67900,24
2015-01-24T00:17:00Z,1201.68000,1201.83100,1201.62900,1201.81100,42
2015-01-24T00:18:00Z,1201.83100,1201.91200,1201.83100,1201.91200,3
2015-01-24T00:19:00Z,1201.87900,1201.88000,1201.87900,1201.88000,18
2015-01-24T00:20:00Z,1201.87900,1202.01100,1201.87900,1201.91100,16
2015-01-24T00:21:00Z,1201.93200,1201.99200,1201.89100,1201.89100,7
2015-01-24T00:22:00Z,1201.99100,1201.99100,1201.99100,1201.99100,3
2015-01-24T00:23:00Z,1201.93000,1201.99200,1201.89100,1201.99200,18
2015-01-24T00:24:00Z,1201.98000,1201.99100,1201.89100,1201.99100,9
2015-01-24T00:25:00Z,1201.93000,1201.93900,1201.92400,1201.92400,11
2015-01-24T00:26:00Z,1201.99100,1202.09100,1201.91500,1201.99100,15
2015-01-24T00:27:00Z,1202.00400,1202.20400,1202.00400,1202.19100,15
2015-01-24T00:28:00Z,1202.29100,1202.38000,1202.24200,1202.37900,32
2015-01-24T00:29:00Z,1202.38000,1202.40500,1202.14500,1202.27900,39
2015-01-24T00:30:00Z,1202.28000,1202.58000,1202.27900,1202.43000,26
2015-01-24T00:31:00Z,1202.48000,1202.58000,1202.47900,1202.57900,29
2015-01-24T00:32:00Z,1202.58000,1202.78000,1202.57900,1202.78000,50
2015-01-24T00:33:00Z,1202.77900,1202.97900,1202.69200,1202.78000,42
2015-01-24T00:34:00Z,1202.77900,1202.81600,1202.75000,1202.77900,42
2015-01-24T00:35:00Z,1202.78000,1202.78000,1202.64100,1202.75000,39
2015-01-24T00:36:00Z,1202.75000,1202.78000,1202.61000,1202.77900,22
2015-01-24T00:37:00Z,1202.77900,1203.09000,1202.77900,1203.09000,31
2015-01-24T00:38:00Z,1203.10400,1203.10400,1202.94100,1203.01200,11
2015-01-24T00:39:00Z,1202.99700,1203.00700,1202.83300,1202.84700,22
2015-01-24T00:40:00Z,1202.86200,1202.95200,1202.86200,1202.91900,10
2015-01-24T00:41:00Z,1202.91900,1202.91900,1202.75000,1202.76600,10
2015-01-24T00:42:00Z,1202.76100,1202.81500,1202.76100,1202.80100,13
2015-01-24T00:43:00Z,1202.76100,1202.98000,1202.73600,1202.98000,23
2015-01-24T00:44:00Z,1202.94200,1203.11000,1202.94200,1203.11000,25
2015-01-24T00:45:00Z,1203.13000,1203.28000,1203.13000,1203.27900,39
2015-01-24T00:46:00Z,1203.28000,1203.68200,1203.27900,1203.39800,42
2015-01-24T00:47:00Z,1203.37800,1203.69200,1203.37800,1203.69200,21
2015-01-24T00:48:00Z,1203.69800,1203.88600,1203.69800,1203.71600,59
2015-01-24T00:49:00Z,1203.70100,1203.70100,1203.57100,1203.63600,16
2015-01-24T00:50:00Z,1203.65000,1203.70100,1203.65000,1203.70100,4
2015-01-24T00:51:00Z,1203.71000,1204.23300,1203.71000,1204.09800,53
2015-01-24T00:52:00Z,1204.14200,1204.39100,1204.14200,1204.34200,23
2015-01-24T00:53:00Z,1204.39100,1205.00900,1204.30200,1204.53600,85
2015-01-24T00:54:00Z,1204.52100,1204.73900,1204.46900,1204.50800,41
2015-01-24T00:55:00Z,1204.44600,1204.62600,1204.30800,1204.62600,33
2015-01-24T00:56:00Z,1204.64100,1204.83100,1204.53200,1204.83100,29
2015-01-24T00:57:00Z,1204.80600,1204.87100,1204.67200,1204.77000,49
2015-01-24T00:58:00Z,1204.79900,1204.89200,1204.66100,1204.81100,59
2015-01-24T00:59:00Z,1204.82800,1204.99200,1204.47100,1204.86100,122
2015-01-25T00:00:00Z,1204.05900,1204.67900,1203.90900,1204.67900,49
2015-01-25T00:01:00Z,1204.67900,1205.03000,1204.67900,1205.02900,53
2015-01-25T00:02:00Z,1205.03000,1205.08000,1205.02900,1205.08000,23
2015-01-25T00:03:00Z,1205.07900,1205.13000,1204.97900,1204.97900,51
2015-01-25T00:04:00Z,1204.98000,1204.98000,1204.68200,1204.68200,29
2015-01-25T00:05:00Z,1204.68200,1204.68200,1204.44100,1204.52900,47
2015-01-25T00:06:00Z,1204.53000,1204.93000,1204.52900,1204.93000,40
2015-01-25T00:07:00Z,1204.92900,1204.97900,1204.72900,1204.87900,37
2015-01-25T00:08:00Z,1204.88000,1204.88000,1204.67900,1204.72900,29
2015-01-25T00:09:00Z,1204.73000,1204.93000,1204.62900,1204.82900,38
2015-01-25T00:10:00Z,1204.78000,1204.83000,1204.72900,1204.77900,41
2015-01-25T00:11:00Z,1204.78000,1204.78000,1204.64100,1204.71200,29
2015-01-25T00:12:00Z,1204.71200,1204.93000,1204.71200,1204.77900,51
2015-01-25T00:13:00Z,1204.77900,1205.13000,1204.72900,1205.07900,46
2015-01-25T00:14:00Z,1205.13000,1206.02900,1205.00800,1205.34200,75
2015-01-25T00:15:00Z,1205.34200,1205.34200,1205.23000,1205.32900,32
2015-01-25T00:16:00Z,1205.33000,1205.43000,1205.32900,1205.32900,35
2015-01-25T00:17:00Z,1205.33000,1205.33000,1205.02900,1205.20000,53
2015-01-25T00:18:00Z,1205.22900,1205.30000,1205.01000,1205.12900,37
2015-01-25T00:19:00Z,1205.10500,1205.10700,1205.07200,1205.07200,4
2015-01-25T00:20:00Z,1205.13000,1205.17600,1205.07100,1205.09100,21
2015-01-25T00:21:00Z,1205.10600,1205.27600,1205.10600,1205.27600,14
2015-01-25T00:22:00Z,1205.25600,1205.25600,1205.02900,1205.09100,24
2015-01-25T00:23:00Z,1205.07200,1205.12900,1204.96100,1204.96100,22
2015-01-25T00:24:00Z,1204.96100,1205.13000,1204.92900,1205.12900,29
2015-01-25T00:25:00Z,1205.13100,1205.18000,1205.13100,1205.16600,27
2015-01-25T00:26:00Z,1205.16600,1205.23000,1205.14100,1205.14100,12
2015-01-25T00:27:00Z,1205.14100,1205.14100,1204.97600,1204.97600,35
2015-01-25T00:28:00Z,1204.98000,1204.98000,1204.95600,1204.97600,7
2015-01-25T00:29:00Z,1204.97600,1204.97700,1204.95600,1204.97700,19
2015-01-25T00:30:00Z,1204.95600,1204.98000,1204.87600,1204.98000,14
2015-01-25T00:31:00Z,1204.98000,1205.01900,1204.97600,1204.99900,8
2015-01-25T00:32:00Z,1204.96900,1204.96900,1204.96500,1204.96500,3
2015-01-25T00:33:00Z,1204.96500,1204.96500,1204.92900,1204.93800,16
2015-01-25T00:34:00Z,1204.93800,1204.93800,1204.73800,1204.76900,29
2015-01-25T00:35:00Z,1204.75000,1204.82000,1204.75000,1204.76900,23
2015-01-25T00:36:00Z,1204.75500,1204.75500,1204.75500,1204.75500,4
2015-01-25T00:37:00Z,1204.62900,1204.66800,1204.56400,1204.64400,28
2015-01-25T00:38:00Z,1204.67400,1204.69000,1204.65400,1204.65400,22
2015-01-25T00:39:00Z,1204.64500,1204.88000,1204.64500,1204.88000,11
2015-01-25T00:40:00Z,1204.88000,1204.88000,1204.80900,1204.84400,10
2015-01-25T00:41:00Z,1204.84400,1204.86400,1204.84400,1204.85400,8
2015-01-25T00:42:00Z,1204.85400,1204.85400,1204.77900,1204.77900,8
2015-01-25T00:43:00Z,1204.78000,1204.97500,1204.78000,1204.97500,6
2015-01-25T00:44:00Z,1204.82900,1204.97100,1204.82900,1204.97100,2
2015-01-25T00:45:00Z,1204.96600,1204.97500,1204.89600,1204.97500,9
2015-01-25T00:46:00Z,1204.96500,1204.97500,1204.96500,1204.97500,3
2015-01-25T00:47:00Z,1204.96500,1204.96500,1204.84900,1204.86900,6
2015-01-25T00:48:00Z,1204.89500,1204.91400,1204.85000,1204.85000,12
2015-01-25T00:49:00Z,1204.85000,1204.88400,1204.85000,1204.86900,8
2015-01-25T00:50:00Z,1204.86900,1204.97000,1204.85100,1204.97000,11
2015-01-25T00:51:00Z,1205.00100,1205.02000,1205.00100,1205.02000,2
2015-01-25T00:52:00Z,1204.98000,1204.98000,1204.97900,1204.97900,12
2015-01-25T00:53:00Z,1204.98000,1205.01000,1204.97900,1205.01000,8
2015-01-25T00:54:00Z,1205.02100,1205.02100,1205.02100,1205.02100,1
2015-01-25T00:55:00Z,1205.00100,1205.21800,1205.00100,1205.21800,9
2015-01-25T00:56:00Z,1205.24800,1205.63700,1205.24800,1205.57600,30
2015-01-25T00:57:00Z,1205.57600,1205.57600,1205.53400,1205.57500,25
2015-01-25T00:58:00Z,1205.57600,1205.57900,1205.57600,1205.57900,2
2015-01-25T00:59:00Z,1205.57900,1205.58200,1205.55200,1205.55200,7
2015-01-26T00:00:00Z,1208.54900,1209.08000,1208.45900,1208.98000,76
2015-01-26T00:01:00Z,1208.97900,1209.18000,1208.77900,1209.12900,39
2015-01-26T00:02:00Z,1209.13000,1209.38000,1209.12900,1209.27900,39
2015-01-26T00:03:00Z,1209.28000,1209.48000,1209.26100,1209.26100,38
2015-01-26T00:04:00Z,1209.26100,1209.68000,1209.26100,1209.66100,36
2015-01-26T00:05:00Z,1209.62900,1209.80200,1209.60200,1209.68000,34
2015-01-26T00:06:00Z,1209.67900,1209.70200,1209.60200,1209.70100,30
2015-01-26T00:07:00Z,1209.70100,1209.70100,1209.40100,1209.40100,38
2015-01-26T00:08:00Z,1209.40100,1209.46200,1209.36200,1209.36200,25
2015-01-26T00:09:00Z,1209.36200,1209.60100,1209.36200,1209.60100,51
2015-01-26T00:10:00Z,1209.60100,1209.71000,1209.56100,1209.71000,26
2015-01-26T00:11:00Z,1209.73100,1209.87200,1209.73100,1209.80600,24
2015-01-26T00:12:00Z,1209.80600,1209.82100,1209.76600,1209.80200,6
2015-01-26T00:13:00Z,1209.78700,1209.78700,1209.64100,1209.66700,11
2015-01-26T00:14:00Z,1209.69700,1209.74600,1209.67600,1209.67600,14
2015-01-26T00:15:00Z,1209.66200,1209.66200,1208.73100,1208.73100,36
2015-01-26T00:16:00Z,1208.73100,1208.91200,1208.41200,1208.41200,47
2015-01-26T00:17:00Z,1208.41200,1208.60200,1207.93100,1208.60200,63
2015-01-26T00:18:00Z,1208.60200,1208.60200,1208.37700,1208.45800,26
2015-01-26T00:19:00Z,1208.44200,1208.80100,1208.44200,1208.80100,22
2015-01-26T00:20:00Z,1208.80100,1208.98200,1208.78400,1208.90100,22
2015-01-26T00:21:00Z,1208.90100,1209.10200,1208.90100,1209.10200,8
2015-01-26T00:22:00Z,1209.07600,1209.18100,1209.07200,1209.18100,8
2015-01-26T00:23:00Z,1209.18100,1209.18100,1209.12000,1209.12000,4
2015-01-26T00:24:00Z,1209.11000,1209.11000,1209.01500,1209.01500,6
2015-01-26T00:25:00Z,1209.08100,1209.28200,1209.08100,1209.28200,17
2015-01-26T00:26:00Z,1209.20800,1209.20800,1209.08100,1209.18200,30
2015-01-26T00:27:00Z,1209.18200,1209.18200,1209.15500,1209.15500,31
2015-01-26T00:28:00Z,1209.15500,1209.48100,1209.14000,1209.48100,25
2015-01-26T00:29:00Z,1209.50100,1209.70700,1209.50100,1209.68100,22
2015-01-26T00:30:00Z,1209.68100,1209.68200,1209.58100,1209.68200,13
2015-01-26T00:31:00Z,1209.68200,1209.78200,1209.60200,1209.70100,26
2015-01-26T00:32:00Z,1209.75300,1209.80100,1209.61300,1209.68700,35
2015-01-26T00:33:00Z,1209.66700,1209.80200,1209.63300,1209.80200,22
2015-01-26T00:34:00Z,1209.79300,1209.80200,1209.78100,1209.80200,6
2015-01-26T00:35:00Z,1209.80200,1210.18200,1209.78200,1209.96300,37
2015-01-26T00:36:00Z,1209.96300,1209.96300,1209.32700,1209.34800,33
2015-01-26T00:37:00Z,1209.37200,1209.58200,1209.32200,1209.58200,23
2015-01-26T00:38:00Z,1209.62000,1209.68100,1209.62000,1209.62300,8
2015-01-26T00:39:00Z,1209.60200,1209.60200,1209.58100,1209.58100,15
2015-01-26T00:40:00Z,1209.51400,1209.68200,1209.49600,1209.68100,32
2015-01-26T00:41:00Z,1209.62200,1209.68100,1209.58200,1209.58200,20
2015-01-26T00:42:00Z,1209.58200,1209.80300,1209.51400,1209.80300,36
2015-01-26T00:43:00Z,1209.77800,1209.80100,1209.72400,1209.78200,13
2015-01-26T00:44:00Z,1209.78200,1209.78200,1209.68200,1209.68200,9
2015-01-26T00:45:00Z,1209.62300,1209.62300,1209.58100,1209.58100,5
2015-01-26T00:46:00Z,1209.57700,1209.76000,1209.57700,1209.76000,21
2015-01-26T00:47:00Z,1209.80100,1209.80100,1209.70500,1209.70500,10
2015-01-26T00:48:00Z,1209.88200,1210.10100,1209.88200,1210.10100,20
2015-01-26T00:49:00Z,1210.10100,1210.18100,1210.08100,1210.10200,21
2015-01-26T00:50:00Z,1210.10200,1210.18100,1210.10200,1210.18100,10
2015-01-26T00:51:00Z,1210.18100,1210.18200,1210.11200,1210.18200,27
2015-01-26T00:52:00Z,1210.18200,1210.28200,1210.10100,1210.20200,48
2015-01-26T00:53:00Z,1210.20200,1210.28100,1210.10700,1210.20500,38
2015-01-26T00:54:00Z,1210.20500,1210.21000,1210.08100,1210.21000,55
2015-01-26T00:55:00Z,1210.20100,1210.28100,1210.18100,1210.21100,10
2015-01-26T00:56:00Z,1210.28100,1210.28100,1210.18100,1210.22400,25
2015-01-26T00:57:00Z,1210.20800,1210.21700,1210.20200,1210.20200,3
2015-01-26T00:58:00Z,1210.21300,1210.26700,1210.20000,1210.26700,8
2015-01-26T00:59:00Z,1210.26700,1210.31700,1210.01900,1210.09100,46
2015-01-27T00:00:00Z,1210.76100,1211.77900,1210.70000,1211.77900,106
2015-01-27T00:01:00Z,1211.83900,1212.14100,1211.83900,1212.14100,21
2015-01-27T00:02:00Z,1212.16200,1212.44100,1212.16200,1212.17800,18
2015-01-27T00:03:00Z,1212.12800,1212.44100,1212.12800,1212.37800,32
2015-01-27T00:04:00Z,1212.54100,1212.84200,1212.37800,1212.42900,40
2015-01-27T00:05:00Z,1212.42900,1212.54100,1212.34100,1212.44200,16
2015-01-27T00:06:00Z,1212.46200,1212.64100,1212.46200,1212.57800,10
2015-01-27T00:07:00Z,1212.61900,1212.74100,1212.61900,1212.67900,9
2015-01-27T00:08:00Z,1212.72800,1212.84200,1212.72800,1212.84100,36
2015-01-27T00:09:00Z,1212.84100,1212.84100,1212.82900,1212.82900,19
2015-01-27T00:10:00Z,1212.83000,1212.83000,1212.57900,1212.74100,24
2015-01-27T00:11:00Z,1212.72800,1212.72800,1212.44100,1212.47900,21
2015-01-27T00:12:00Z,1212.47900,1212.64200,1212.44100,1212.57900,35
2015-01-27T00:13:00Z,1212.57900,1212.74200,1212.57200,1212.67800,33
2015-01-27T00:14:00Z,1212.67800,1212.74200,1212.67800,1212.74200,13
2015-01-27T00:15:00Z,1212.77800,1212.77800,1212.64200,1212.67800,10
2015-01-27T00:16:00Z,1212.67800,1212.67800,1212.57800,1212.57900,9
2015-01-27T00:17:00Z,1212.61900,1212.64200,1212.61900,1212.64200,2
2015-01-27T00:18:00Z,1212.61900,1212.61900,1212.47800,1212.47800,21
2015-01-27T00:19:00Z,1212.46100,1212.54200,1212.46100,1212.54200,3
2015-01-27T00:20:00Z,1212.53100,1212.53100,1212.53100,1212.53100,11
2015-01-27T00:21:00Z,1212.53100,1212.67200,1212.53100,1212.67200,17
2015-01-27T00:22:00Z,1212.67200,1212.76100,1212.66100,1212.74100,23
2015-01-27T00:23:00Z,1212.67900,1212.68000,1212.67900,1212.67900,18
2015-01-27T00:24:00Z,1212.68000,1212.68000,1212.54100,1212.66100,23
2015-01-27T00:25:00Z,1212.66100,1212.66100,1212.64200,1212.66100,3
2015-01-27T00:26:00Z,1212.64100,1212.84100,1212.64100,1212.76100,11
2015-01-27T00:27:00Z,1212.75100,1212.75100,1212.64100,1212.67100,5
2015-01-27T00:28:00Z,1212.67100,1212.67100,1212.58100,1212.58100,3
2015-01-27T00:29:00Z,1212.56100,1212.56100,1212.55900,1212.55900,2
2015-01-27T00:30:00Z,1212.56000,1212.56100,1212.54100,1212.56100,11
2015-01-27T00:31:00Z,1212.64100,1212.74200,1212.64100,1212.66200,6
2015-01-27T00:32:00Z,1212.66100,1212.76100,1212.66100,1212.74200,12
2015-01-27T00:33:00Z,1212.84100,1212.84200,1212.76100,1212.84100,14
2015-01-27T00:34:00Z,1212.86100,1212.94200,1212.84100,1212.94200,5
2015-01-27T00:35:00Z,1212.96200,1213.24100,1212.94200,1213.24100,21
2015-01-27T00:36:00Z,1213.22900,1213.23000,1213.22900,1213.22900,3
2015-01-27T00:37:00Z,1213.23000,1213.44100,1213.22900,1213.44100,17
2015-01-27T00:38:00Z,1213.43100,1213.43100,1213.35200,1213.35200,6
2015-01-27T00:39:00Z,1213.34100,1213.36200,1213.24200,1213.26100,8
2015-01-27T00:40:00Z,1213.24100,1213.24100,1212.96100,1213.14100,17
2015-01-27T00:41:00Z,1213.16100,1213.20200,1213.04100,1213.04100,4
2015-01-27T00:42:00Z,1213.02900,1213.02900,1212.95200,1212.95200,9
2015-01-27T00:43:00Z,1212.95200,1212.96200,1212.86100,1212.96100,17
2015-01-27T00:44:00Z,1212.96200,1213.10000,1212.96200,1212.98900,23
2015-01-27T00:45:00Z,1213.04900,1213.06000,1212.90100,1212.97900,40
2015-01-27T00:46:00Z,1212.98000,1213.02200,1212.88900,1212.93000,25
2015-01-27T00:47:00Z,1212.92900,1213.02200,1212.89100,1212.97200,28
2015-01-27T00:48:00Z,1212.97200,1213.03000,1212.84200,1213.03000,35
2015-01-27T00:49:00Z,1213.02900,1213.02900,1212.57900,1212.92900,51
2015-01-27T00:50:00Z,1212.92900,1213.07000,1212.92900,1212.97900,31
2015-01-27T00:51:00Z,1212.98000,1212.98000,1212.92900,1212.92900,22
2015-01-27T00:52:00Z,1212.93000,1212.93000,1212.72900,1212.80200,27
2015-01-27T00:53:00Z,1212.78000,1212.83000,1212.62900,1212.77100,32
2015-01-27T00:54:00Z,1212.77100,1212.86100,1212.70100,1212.86100,23
2015-01-27T00:55:00Z,1212.87900,1212.90100,1212.86200,1212.86200,21
2015-01-27T00:56:00Z,1212.86200,1212.99200,1212.86200,1212.94200,26
2015-01-27T00:57:00Z,1212.94200,1213.13000,1212.93000,1213.03000,31
2015-01-27T00:58:00Z,1212.98200,1212.98200,1212.87200,1212.88000,14
2015-01-27T00:59:00Z,1212.87200,1213.01200,1212.78100,1212.97100,10
